dataset,experiment,K,method,alpha_imp,clip_imp,teacher_base,importance_metric,R,epsilon,keep_frac,n_seeds,mean_dice,std_dice,sem_dice,auc,psnr,ssim,source_file,extra
drive,drive_pate_poc_results,,(unparsed),,,,,,1.0,,3,0.571408,0.02585,0.014925,,,,drive_pate_poc_results.json,
drive,drive_pate_poc_results,,(unparsed),,,,,,1.0,,3,0.584772,0.016436,0.009489,,,,drive_pate_poc_results.json,
drive,drive_pate_poc_results,,(unparsed),,,,,,1.0,,3,0.591925,0.015852,0.009152,,,,drive_pate_poc_results.json,
drive,drive_pate_poc_results,,(unparsed),,,,,,3.0,,3,0.580169,0.017095,0.00987,,,,drive_pate_poc_results.json,
drive,drive_pate_poc_results,,(unparsed),,,,,,3.0,,3,0.605515,0.007572,0.004372,,,,drive_pate_poc_results.json,
drive,drive_pate_poc_results,,(unparsed),,,,,,3.0,,3,0.611466,0.010126,0.005846,,,,drive_pate_poc_results.json,
drive,drive_pate_poc_results,,(unparsed),,,,,,5.0,,3,0.587905,0.018893,0.010908,,,,drive_pate_poc_results.json,
drive,drive_pate_poc_results,,(unparsed),,,,,,5.0,,3,0.616249,0.009742,0.005625,,,,drive_pate_poc_results.json,
drive,drive_pate_poc_results,,(unparsed),,,,,,5.0,,3,0.626848,0.009062,0.005232,,,,drive_pate_poc_results.json,
drive,drive_pate_spatial_joint_results,,P_uniform,,,,,,2.0,,5,0.598298,0.015885,0.007104,,,,drive_pate_spatial_joint_results.json,
drive,drive_pate_spatial_joint_results,,P_spatial_WF,,,,,,2.0,,5,0.563192,0.026144,0.011692,,,,drive_pate_spatial_joint_results.json,
drive,drive_pate_spatial_joint_results,,P_uniform,,,,,,8.0,,5,0.616564,0.013033,0.005829,,,,drive_pate_spatial_joint_results.json,
drive,drive_pate_spatial_joint_results,,P_spatial_WF,,,,,,8.0,,5,0.57335,0.022554,0.010086,,,,drive_pate_spatial_joint_results.json,
drive,drive_pate_spatial_joint_results,,P_uniform,,,,,,16.0,,5,0.630535,0.007737,0.00346,,,,drive_pate_spatial_joint_results.json,
drive,drive_pate_spatial_joint_results,,P_spatial_WF,,,,,,16.0,,5,0.582078,0.0208,0.009302,,,,drive_pate_spatial_joint_results.json,
drive,drive_per_channel_delta_results,,(unparsed),,,,,,,,1,18.985188,,,,,,drive_per_channel_delta_results.json,"min=14.092791557312012,max=26.98004150390625,ratio=1.914456844329834"
drive,drive_per_channel_delta_results,,(unparsed),,,,,,,,1,1.5e-05,,,,,,drive_per_channel_delta_results.json,"min=1.057791268976871e-05,max=2.0745934307342395e-05,ratio=1.9612503051757812"
drive,drive_spatial_wf_results,,U_uniform,,,,,,2.0,,5,0.603555,0.013212,0.005909,,,,drive_spatial_wf_results.json,
drive,drive_spatial_wf_results,,S_spatial_WF,,,,,,2.0,,5,0.576151,0.031286,0.013991,,,,drive_spatial_wf_results.json,
drive,drive_spatial_wf_results,,J_joint_WF,,,,,,2.0,,5,0.576343,0.025202,0.011271,,,,drive_spatial_wf_results.json,
drive,drive_spatial_wf_results,,U_uniform,,,,,,8.0,,5,0.619879,0.014479,0.006475,,,,drive_spatial_wf_results.json,
drive,drive_spatial_wf_results,,S_spatial_WF,,,,,,8.0,,5,0.572991,0.022623,0.010117,,,,drive_spatial_wf_results.json,
drive,drive_spatial_wf_results,,J_joint_WF,,,,,,8.0,,5,0.579896,0.024784,0.011084,,,,drive_spatial_wf_results.json,
drive,drive_spatial_wf_results,,U_uniform,,,,,,16.0,,5,0.6311,0.008286,0.003706,,,,drive_spatial_wf_results.json,
drive,drive_spatial_wf_results,,S_spatial_WF,,,,,,16.0,,5,0.575175,0.018063,0.008078,,,,drive_spatial_wf_results.json,
drive,drive_spatial_wf_results,,J_joint_WF,,,,,,16.0,,5,0.579453,0.026848,0.012007,,,,drive_spatial_wf_results.json,
drive,drive_student_distill_5seed_results,,uniform,,,,,,2.0,,5,0.597785,0.015073,,,,,drive_student_distill_5seed_results.json,
drive,drive_student_distill_5seed_results,,channel_WF,,,,,,2.0,,5,0.598507,0.01544,,,,,drive_student_distill_5seed_results.json,
drive,drive_student_distill_5seed_results,,uniform,,,,,,8.0,,5,0.622841,0.014418,,,,,drive_student_distill_5seed_results.json,
drive,drive_student_distill_5seed_results,,channel_WF,,,,,,8.0,,5,0.622534,0.014314,,,,,drive_student_distill_5seed_results.json,
drive,drive_student_distill_5seed_results,,uniform,,,,,,16.0,,5,0.631727,0.008602,,,,,drive_student_distill_5seed_results.json,
drive,drive_student_distill_5seed_results,,channel_WF,,,,,,16.0,,5,0.631796,0.008513,,,,,drive_student_distill_5seed_results.json,
drive,drive_student_distill_multiseed_results,,uniform,,,,,,2.0,,3,0.591922,0.01705,,,,,drive_student_distill_multiseed_results.json,
drive,drive_student_distill_multiseed_results,,channel_WF,,,,,,2.0,,3,0.594297,0.018765,,,,,drive_student_distill_multiseed_results.json,
drive,drive_student_distill_multiseed_results,,uniform,,,,,,8.0,,3,0.617388,0.013148,,,,,drive_student_distill_multiseed_results.json,
drive,drive_student_distill_multiseed_results,,channel_WF,,,,,,8.0,,3,0.622066,0.013743,,,,,drive_student_distill_multiseed_results.json,
drive,drive_student_distill_multiseed_results,,uniform,,,,,,16.0,,3,0.630318,0.008953,,,,,drive_student_distill_multiseed_results.json,
drive,drive_student_distill_multiseed_results,,channel_WF,,,,,,16.0,,3,0.628338,0.004804,,,,,drive_student_distill_multiseed_results.json,
drive,drive_alpha_sweep_results,,(unparsed),,,,,,2.0,,5,0.660476,0.009643,0.004312,,,,drive_alpha_sweep_results.json,
drive,drive_alpha_sweep_results,,(unparsed),,,,,,2.0,,5,0.659787,0.007454,0.003334,,,,drive_alpha_sweep_results.json,
drive,drive_alpha_sweep_results,,(unparsed),,,,,,2.0,,5,0.662327,0.009392,0.0042,,,,drive_alpha_sweep_results.json,
drive,drive_alpha_sweep_results,,(unparsed),,,,,,2.0,,5,0.657952,0.00923,0.004128,,,,drive_alpha_sweep_results.json,
drive,drive_alpha_sweep_results,,(unparsed),,,,,,2.0,,5,0.162776,0.024887,0.01113,,,,drive_alpha_sweep_results.json,
drive,drive_alpha_sweep_results,,(unparsed),,,,,,8.0,,5,0.664057,0.011087,0.004958,,,,drive_alpha_sweep_results.json,
drive,drive_alpha_sweep_results,,(unparsed),,,,,,8.0,,5,0.660134,0.007129,0.003188,,,,drive_alpha_sweep_results.json,
drive,drive_alpha_sweep_results,,(unparsed),,,,,,8.0,,5,0.659557,0.006592,0.002948,,,,drive_alpha_sweep_results.json,
drive,drive_alpha_sweep_results,,(unparsed),,,,,,8.0,,5,0.653823,0.006292,0.002814,,,,drive_alpha_sweep_results.json,
drive,drive_alpha_sweep_results,,(unparsed),,,,,,8.0,,5,0.159287,0.024219,0.010831,,,,drive_alpha_sweep_results.json,
drive,drive_alpha_sweep_results,,(unparsed),,,,,,16.0,,5,0.660741,0.006963,0.003114,,,,drive_alpha_sweep_results.json,
drive,drive_alpha_sweep_results,,(unparsed),,,,,,16.0,,5,0.656761,0.0085,0.003801,,,,drive_alpha_sweep_results.json,
drive,drive_alpha_sweep_results,,(unparsed),,,,,,16.0,,5,0.655938,0.008622,0.003856,,,,drive_alpha_sweep_results.json,
drive,drive_alpha_sweep_results,,(unparsed),,,,,,16.0,,5,0.656734,0.006459,0.002888,,,,drive_alpha_sweep_results.json,
drive,drive_alpha_sweep_results,,(unparsed),,,,,,16.0,,5,0.153716,0.030862,0.013802,,,,drive_alpha_sweep_results.json,
drive,drive_beta_sweep_results,,(unparsed),,,,,,2.0,,4,0.59805,,0.011803,,,,drive_beta_sweep_results.json,sig_mean=24.707756519317627
drive,drive_beta_sweep_results,,(unparsed),,,,,,5.0,,4,0.608284,,0.005139,,,,drive_beta_sweep_results.json,sig_mean=10.425020933151245
drive,drive_beta_sweep_results,,(unparsed),,,,,,2.0,,4,0.590149,,0.007594,,,,drive_beta_sweep_results.json,sig_mean=19.556808471679688
drive,drive_beta_sweep_results,,(unparsed),,,,,,5.0,,4,0.612208,,0.005591,,,,drive_beta_sweep_results.json,sig_mean=8.251665353775024
drive,drive_beta_sweep_results,,(unparsed),,,,,,2.0,,4,0.600239,,0.006657,,,,drive_beta_sweep_results.json,sig_mean=18.401978015899658
drive,drive_beta_sweep_results,,(unparsed),,,,,,5.0,,4,0.614602,,0.004699,,,,drive_beta_sweep_results.json,sig_mean=7.764403939247131
drive,drive_beta_sweep_results,,(unparsed),,,,,,2.0,,4,0.597259,,0.008084,,,,drive_beta_sweep_results.json,sig_mean=18.11771583557129
drive,drive_beta_sweep_results,,(unparsed),,,,,,5.0,,4,0.608257,,0.005755,,,,drive_beta_sweep_results.json,sig_mean=7.64446485042572
drive,drive_beta_sweep_results,,(unparsed),,,,,,2.0,,4,0.595087,,0.004391,,,,drive_beta_sweep_results.json,sig_mean=18.022645950317383
drive,drive_beta_sweep_results,,(unparsed),,,,,,5.0,,4,0.61496,,0.002627,,,,drive_beta_sweep_results.json,sig_mean=7.60435152053833
drive,drive_beta_sweep_results,,(unparsed),,,,,,0.25,,4,0.596046,,0.008168,,,,drive_beta_sweep_results.json,sig_mean=18.119751453399658
drive,drive_beta_sweep_results,,(unparsed),,,,,,0.25,,4,0.612364,,0.002528,,,,drive_beta_sweep_results.json,sig_mean=7.6453235149383545
drive,drive_beta_sweep_results,,(unparsed),,,,,,0.5,,4,0.595613,,0.007821,,,,drive_beta_sweep_results.json,sig_mean=18.418426513671875
drive,drive_beta_sweep_results,,(unparsed),,,,,,0.5,,4,0.613846,,0.005356,,,,drive_beta_sweep_results.json,sig_mean=7.771344542503357
drive,drive_beta_sweep_results,,(unparsed),,,,,,1.0,,4,0.598537,,0.005768,,,,drive_beta_sweep_results.json,sig_mean=19.69351100921631
drive,drive_beta_sweep_results,,(unparsed),,,,,,1.0,,4,0.619281,,0.00187,,,,drive_beta_sweep_results.json,sig_mean=8.309345006942749
drive,drive_beta_sweep_results,,(unparsed),,,,,,2.0,,4,0.584719,,0.009883,,,,drive_beta_sweep_results.json,sig_mean=25.965137004852295
drive,drive_beta_sweep_results,,(unparsed),,,,,,2.0,,4,0.605807,,0.008316,,,,drive_beta_sweep_results.json,sig_mean=10.955551385879517
drive,drive_beta_sweep_results,,(unparsed),,,,,,2.0,,4,0.580427,,0.016084,,,,drive_beta_sweep_results.json,sig_mean=7453.253517150879
drive,drive_beta_sweep_results,,(unparsed),,,,,,5.0,,4,0.583808,,0.013989,,,,drive_beta_sweep_results.json,sig_mean=3144.7749061584473
drive,drive_beta_sweep_results,,(unparsed),,,,,,2.0,,4,0.581074,,0.009564,,,,drive_beta_sweep_results.json,sig_mean=109.61301517486572
drive,drive_beta_sweep_results,,(unparsed),,,,,,5.0,,4,0.583598,,0.013497,,,,drive_beta_sweep_results.json,sig_mean=46.249364376068115
drive,drive_beta_sweep_results,,(unparsed),,,,,,5.0,,4,0.575646,,0.015569,,,,drive_beta_sweep_results.json,sig_mean=153.65989112854004
drive,drive_beta_sweep_results,,(unparsed),,,,,,5.0,,4,0.571186,,0.013099,,,,drive_beta_sweep_results.json,sig_mean=64.83420085906982
drive,drive_beta_sweep_results,,(unparsed),,,,,,10.0,,4,0.567101,,0.016184,,,,drive_beta_sweep_results.json,sig_mean=11673.155685424805
drive,drive_beta_sweep_results,,(unparsed),,,,,,10.0,,4,0.568693,,0.012875,,,,drive_beta_sweep_results.json,sig_mean=4925.291187286377
drive,drive_cap_sweep_results,,uniform (no subsample),,,,,,0.9,,3,0.557499,,,,,,drive_cap_sweep_results.json,
drive,drive_cap_sweep_results,,uniform (no subsample),,,,,,0.9,,3,0.580841,,,,,,drive_cap_sweep_results.json,
drive,drive_cap_sweep_results,,(unparsed),,,,,,0.9,,3,0.593222,,,,,,drive_cap_sweep_results.json,
drive,drive_cap_sweep_results,,(unparsed),,,,,,0.9,,3,0.612516,,,,,,drive_cap_sweep_results.json,
drive,drive_cap_sweep_results,,(unparsed),,,,,,0.9,,3,0.590688,,,,,,drive_cap_sweep_results.json,
drive,drive_cap_sweep_results,,(unparsed),,,,,,0.9,,3,0.605496,,,,,,drive_cap_sweep_results.json,
drive,drive_cap_sweep_results,,uniform (no subsample),,,,,,0.5,,3,0.559406,,,,,,drive_cap_sweep_results.json,
drive,drive_cap_sweep_results,,uniform (no subsample),,,,,,0.5,,3,0.573309,,,,,,drive_cap_sweep_results.json,
drive,drive_cap_sweep_results,,(unparsed),,,,,,0.5,,3,0.594171,,,,,,drive_cap_sweep_results.json,
drive,drive_cap_sweep_results,,(unparsed),,,,,,0.5,,3,0.614963,,,,,,drive_cap_sweep_results.json,
drive,drive_cap_sweep_results,,(unparsed),,,,,,0.5,,3,0.596951,,,,,,drive_cap_sweep_results.json,
drive,drive_cap_sweep_results,,(unparsed),,,,,,0.5,,3,0.614369,,,,,,drive_cap_sweep_results.json,
drive,drive_compare_pate_canal_uniform_results,,K1_uniform,,,,,,2.0,,5,0.580868,0.023152,0.010354,,,,drive_compare_pate_canal_uniform_results.json,
drive,drive_compare_pate_canal_uniform_results,,K1_uniform,,,,,,8.0,,5,0.593557,0.017202,0.007693,,,,drive_compare_pate_canal_uniform_results.json,
drive,drive_compare_pate_canal_uniform_results,,K1_uniform,,,,,,16.0,,5,0.595936,0.013405,0.005995,,,,drive_compare_pate_canal_uniform_results.json,
drive,drive_compare_pate_canal_uniform_results,,K1_CANAL,,,,,,2.0,,5,0.583923,0.025238,0.011287,,,,drive_compare_pate_canal_uniform_results.json,
drive,drive_compare_pate_canal_uniform_results,,K1_CANAL,,,,,,8.0,,5,0.593323,0.019938,0.008917,,,,drive_compare_pate_canal_uniform_results.json,
drive,drive_compare_pate_canal_uniform_results,,K1_CANAL,,,,,,16.0,,5,0.598635,0.019178,0.008577,,,,drive_compare_pate_canal_uniform_results.json,
drive,drive_compare_pate_canal_uniform_results,,K5_PATE,,,,,,2.0,,5,0.593128,0.016545,0.007399,,,,drive_compare_pate_canal_uniform_results.json,"paired_mean=0.012260746955871583,paired_sem=0.004237172176576461,t_stat=2.8936154692156"
drive,drive_compare_pate_canal_uniform_results,,K5_PATE,,,,,,8.0,,5,0.618234,0.010538,0.004713,,,,drive_compare_pate_canal_uniform_results.json,"paired_mean=0.024677388668060306,paired_sem=0.004750856788672387,t_stat=5.1943027891094"
drive,drive_compare_pate_canal_uniform_results,,K5_PATE,,,,,,16.0,,5,0.626674,0.007058,0.003157,,,,drive_compare_pate_canal_uniform_results.json,"paired_mean=0.03073865890502927,paired_sem=0.0040739068835820465,t_stat=7.545253188998228"
drive,drive_denoise_pate_results,,(unparsed),,,,,,2.0,,3,0.588743,,,,,,drive_denoise_pate_results.json,
drive,drive_denoise_pate_results,,(unparsed),,,,,,2.0,,3,0.67427,,,,,,drive_denoise_pate_results.json,
drive,drive_denoise_pate_results,,(unparsed),,,,,,2.0,,3,0.65848,,,,,,drive_denoise_pate_results.json,
drive,drive_denoise_pate_results,,(unparsed),,,,,,2.0,,3,0.670493,,,,,,drive_denoise_pate_results.json,
drive,drive_denoise_pate_results,,(unparsed),,,,,,5.0,,3,0.619992,,,,,,drive_denoise_pate_results.json,
drive,drive_denoise_pate_results,,(unparsed),,,,,,5.0,,3,0.672224,,,,,,drive_denoise_pate_results.json,
drive,drive_denoise_pate_results,,(unparsed),,,,,,5.0,,3,0.674397,,,,,,drive_denoise_pate_results.json,
drive,drive_denoise_pate_results,,(unparsed),,,,,,5.0,,3,0.674776,,,,,,drive_denoise_pate_results.json,
drive,drive_denoise_release_results,,(unparsed),,,,,,2.0,,3,0.557037,,,,,,drive_denoise_release_results.json,
drive,drive_denoise_release_results,,(unparsed),,,,,,2.0,,3,0.663828,,,,,,drive_denoise_release_results.json,
drive,drive_denoise_release_results,,(unparsed),,,,,,2.0,,3,0.606692,,,,,,drive_denoise_release_results.json,
drive,drive_denoise_release_results,,(unparsed),,,,,,5.0,,3,0.57886,,,,,,drive_denoise_release_results.json,
drive,drive_denoise_release_results,,(unparsed),,,,,,5.0,,3,0.672238,,,,,,drive_denoise_release_results.json,
drive,drive_denoise_release_results,,(unparsed),,,,,,5.0,,3,0.625067,,,,,,drive_denoise_release_results.json,
drive,drive_dpsgd_baseline_results,,(unparsed),,,,,,1.0,,5,0.076313,0.055077,0.024631,,,,drive_dpsgd_baseline_results.json,"noise_multiplier=57.5,eps_accounted=0.9944740682063297"
drive,drive_dpsgd_baseline_results,,(unparsed),,,,,,2.0,,5,0.096673,0.040963,0.018319,,,,drive_dpsgd_baseline_results.json,"noise_multiplier=30.46875,eps_accounted=1.994517040789202"
drive,drive_dpsgd_baseline_results,,(unparsed),,,,,,3.0,,5,0.089566,0.043705,0.019546,,,,drive_dpsgd_baseline_results.json,"noise_multiplier=21.171875,eps_accounted=2.991313210008324"
drive,drive_dpsgd_baseline_results,,(unparsed),,,,,,4.0,,5,0.095168,0.040894,0.018288,,,,drive_dpsgd_baseline_results.json,"noise_multiplier=16.40625,eps_accounted=3.990089282206172"
drive,drive_dpsgd_baseline_results,,(unparsed),,,,,,5.0,,5,0.126153,0.027792,0.012429,,,,drive_dpsgd_baseline_results.json,"noise_multiplier=13.4765625,eps_accounted=4.9982173411909105"
drive,drive_input_dp_baseline_results,,(unparsed),,,,,,2.0,,5,7.2e-05,9.8e-05,4.4e-05,,,,drive_input_dp_baseline_results.json,
drive,drive_input_dp_baseline_results,,(unparsed),,,,,,8.0,,5,0.00368,0.007359,0.003291,,,,drive_input_dp_baseline_results.json,
drive,drive_input_dp_baseline_results,,(unparsed),,,,,,16.0,,5,0.001173,0.002346,0.001049,,,,drive_input_dp_baseline_results.json,
drive,drive_joint_attack_results,,(unparsed),,,,,,,,,,,,1.0,,,drive_joint_attack_results.json,sigma_active=0.0
drive,drive_joint_attack_results,,(unparsed),,,,,,16.0,,,,,,0.4858,,,drive_joint_attack_results.json,sigma_active=0.18702571094036102
drive,drive_joint_attack_results,,(unparsed),,,,,,8.0,,,,,,0.4973,,,drive_joint_attack_results.json,sigma_active=0.3382008373737335
drive,drive_joint_attack_results,,(unparsed),,,,,,2.0,,,,,,0.4855,,,drive_joint_attack_results.json,sigma_active=1.2243977785110474
drive,drive_joint_attack_results,,(unparsed),,,,,,,,,,,,,19.019,0.5842,drive_joint_attack_results.json,
drive,drive_joint_attack_results,,(unparsed),,,,,,16.0,,,,,,,9.084,0.0702,drive_joint_attack_results.json,
drive,drive_joint_attack_results,,(unparsed),,,,,,8.0,,,,,,,8.623,0.0531,drive_joint_attack_results.json,
drive,drive_joint_attack_results,,(unparsed),,,,,,2.0,,,,,,,7.985,0.0319,drive_joint_attack_results.json,
drive,drive_local_results,,(unparsed),,,,,,,,1,18.910618,,,,,,drive_local_results.json,"min=14.061898231506348,max=24.374971389770508"
drive,drive_mechanism_sweep_results,,(unparsed),,,,,,2.0,,1,0.443204,,,,,,drive_mechanism_sweep_results.json,
drive,drive_mechanism_sweep_results,,(unparsed),,,,,,2.0,,1,0.291859,,,,,,drive_mechanism_sweep_results.json,
drive,drive_mechanism_sweep_results,,(unparsed),,,,,,2.0,,1,0.401404,,,,,,drive_mechanism_sweep_results.json,
drive,drive_mechanism_sweep_results,,(unparsed),,,,,,2.0,,1,0.405263,,,,,,drive_mechanism_sweep_results.json,
drive,drive_mia_attack_results,,(unparsed),,,,,,,,,,0.0,,1.0,,,drive_mia_attack_results.json,
drive,drive_mia_attack_results,,(unparsed),,,,,,16.0,,,,0.088635,,0.492,,,drive_mia_attack_results.json,
drive,drive_mia_attack_results,,(unparsed),,,,,,8.0,,,,0.093312,,0.4987,,,drive_mia_attack_results.json,
drive,drive_mia_attack_results,,(unparsed),,,,,,4.0,,,,0.089406,,0.5102,,,drive_mia_attack_results.json,
drive,drive_mia_attack_results,,(unparsed),,,,,,2.0,,,,0.083118,,0.4822,,,drive_mia_attack_results.json,
drive,drive_mia_attack_results,,(unparsed),,,,,,1.0,,,,0.096502,,0.5023,,,drive_mia_attack_results.json,
drive,drive_mia_attack_results,,(unparsed),,,,,,0.5,,,,0.081547,,0.5111,,,drive_mia_attack_results.json,
drive,drive_modified_canal_nogt_results,,channel uniform (BASE),,,,,,2.0,,3,0.161499,,,,,,drive_modified_canal_nogt_results.json,
drive,drive_modified_canal_nogt_results,,channel uniform (BASE),,,,,,5.0,,3,0.186765,,,,,,drive_modified_canal_nogt_results.json,
drive,drive_modified_canal_nogt_results,,(unparsed),,,,,,2.0,0.1,3,0.171675,,,,,,drive_modified_canal_nogt_results.json,
drive,drive_modified_canal_nogt_results,,(unparsed),,,,,,5.0,0.1,3,0.164187,,,,,,drive_modified_canal_nogt_results.json,
drive,drive_modified_canal_nogt_results,,(unparsed),,,,,,2.0,0.1,3,0.184034,,,,,,drive_modified_canal_nogt_results.json,
drive,drive_modified_canal_nogt_results,,(unparsed),,,,,,5.0,0.1,3,0.172701,,,,,,drive_modified_canal_nogt_results.json,
drive,drive_modified_canal_nogt_results,,channel WF β=.25 (vanilla CANAL),,,,,,2.0,,3,0.159058,,,,,,drive_modified_canal_nogt_results.json,
drive,drive_modified_canal_nogt_results,,channel WF β=.25 (vanilla CANAL),,,,,,5.0,,3,0.187463,,,,,,drive_modified_canal_nogt_results.json,
drive,drive_modified_canal_nogt_results,,channel WF β=1 (aggressive),,,,,,2.0,,3,0.165502,,,,,,drive_modified_canal_nogt_results.json,
drive,drive_modified_canal_nogt_results,,channel WF β=1 (aggressive),,,,,,5.0,,3,0.184656,,,,,,drive_modified_canal_nogt_results.json,
drive,drive_modified_canal_nogt_results,,(unparsed),,,,,,2.0,0.1,3,0.17628,,,,,,drive_modified_canal_nogt_results.json,
drive,drive_modified_canal_nogt_results,,(unparsed),,,,,,5.0,0.1,3,0.173992,,,,,,drive_modified_canal_nogt_results.json,
drive,drive_modified_canal_nogt_results,,(unparsed),,,,,,2.0,0.1,3,0.175484,,,,,,drive_modified_canal_nogt_results.json,
drive,drive_modified_canal_nogt_results,,(unparsed),,,,,,5.0,0.1,3,0.172253,,,,,,drive_modified_canal_nogt_results.json,
drive,drive_modified_canal_nogt_results,,PCA WF β=.25,,,,,,2.0,,3,0.178276,,,,,,drive_modified_canal_nogt_results.json,
drive,drive_modified_canal_nogt_results,,PCA WF β=.25,,,,,,5.0,,3,0.166814,,,,,,drive_modified_canal_nogt_results.json,
drive,drive_modified_canal_nogt_results,,PCA WF β=1,,,,,,2.0,,3,0.171013,,,,,,drive_modified_canal_nogt_results.json,
drive,drive_modified_canal_nogt_results,,PCA WF β=1,,,,,,5.0,,3,0.175846,,,,,,drive_modified_canal_nogt_results.json,
drive,drive_modified_canal_nogt_results,,PCA top20% + WF β=.5,,,,,,2.0,,3,0.171367,,,,,,drive_modified_canal_nogt_results.json,
drive,drive_modified_canal_nogt_results,,PCA top20% + WF β=.5,,,,,,5.0,,3,0.16532,,,,,,drive_modified_canal_nogt_results.json,
drive,drive_modified_canal_results,,channel uniform (BASE),,,,,,2.0,,3,0.557499,,,,,,drive_modified_canal_results.json,
drive,drive_modified_canal_results,,channel uniform (BASE),,,,,,5.0,,3,0.580841,,,,,,drive_modified_canal_results.json,
drive,drive_modified_canal_results,,(unparsed),,,,,,2.0,0.1,3,0.593222,,,,,,drive_modified_canal_results.json,
drive,drive_modified_canal_results,,(unparsed),,,,,,5.0,0.1,3,0.612516,,,,,,drive_modified_canal_results.json,
drive,drive_modified_canal_results,,(unparsed),,,,,,2.0,0.1,3,0.590688,,,,,,drive_modified_canal_results.json,
drive,drive_modified_canal_results,,(unparsed),,,,,,5.0,0.1,3,0.605496,,,,,,drive_modified_canal_results.json,
drive,drive_modified_canal_results,,channel WF β=.25 (vanilla CANAL),,,,,,2.0,,3,0.561281,,,,,,drive_modified_canal_results.json,
drive,drive_modified_canal_results,,channel WF β=.25 (vanilla CANAL),,,,,,5.0,,3,0.570589,,,,,,drive_modified_canal_results.json,
drive,drive_modified_canal_results,,channel WF β=1 (aggressive),,,,,,2.0,,3,0.5627,,,,,,drive_modified_canal_results.json,
drive,drive_modified_canal_results,,channel WF β=1 (aggressive),,,,,,5.0,,3,0.571835,,,,,,drive_modified_canal_results.json,
drive,drive_modified_canal_results,,(unparsed),,,,,,2.0,0.1,3,0.601048,,,,,,drive_modified_canal_results.json,
drive,drive_modified_canal_results,,(unparsed),,,,,,5.0,0.1,3,0.611682,,,,,,drive_modified_canal_results.json,
drive,drive_modified_canal_results,,(unparsed),,,,,,2.0,0.1,3,0.58047,,,,,,drive_modified_canal_results.json,
drive,drive_modified_canal_results,,(unparsed),,,,,,5.0,0.1,3,0.598361,,,,,,drive_modified_canal_results.json,
drive,drive_modified_canal_results,,PCA WF β=.25,,,,,,2.0,,3,0.569531,,,,,,drive_modified_canal_results.json,
drive,drive_modified_canal_results,,PCA WF β=.25,,,,,,5.0,,3,0.58361,,,,,,drive_modified_canal_results.json,
drive,drive_modified_canal_results,,PCA WF β=1,,,,,,2.0,,3,0.554427,,,,,,drive_modified_canal_results.json,
drive,drive_modified_canal_results,,PCA WF β=1,,,,,,5.0,,3,0.567249,,,,,,drive_modified_canal_results.json,
drive,drive_modified_canal_results,,PCA top20% + WF β=.5,,,,,,2.0,,3,0.573155,,,,,,drive_modified_canal_results.json,
drive,drive_modified_canal_results,,PCA top20% + WF β=.5,,,,,,5.0,,3,0.584289,,,,,,drive_modified_canal_results.json,
drive,drive_nogt_test_results,,(unparsed),,,,,,2.0,,3,0.593222,,0.004202,,,,drive_nogt_test_results.json,
drive,drive_nogt_test_results,,(unparsed),,,,,,5.0,,3,0.612516,,0.00803,,,,drive_nogt_test_results.json,
drive,drive_nogt_test_results,,(unparsed),,,,,,2.0,,3,0.171675,,0.012593,,,,drive_nogt_test_results.json,
drive,drive_nogt_test_results,,(unparsed),,,,,,5.0,,3,0.164187,,0.015543,,,,drive_nogt_test_results.json,
drive,drive_output_distill_results,,(unparsed),,,,,,2.0,,3,0.584575,,0.010302,,,,drive_output_distill_results.json,
drive,drive_output_distill_results,,(unparsed),,,,,,2.0,,3,0.158364,,0.026997,,,,drive_output_distill_results.json,
drive,drive_output_distill_results,,(unparsed),,,,,,2.0,,3,0.662099,,0.005163,,,,drive_output_distill_results.json,
drive,drive_output_distill_results,,(unparsed),,,,,,2.0,,3,0.195959,,0.012367,,,,drive_output_distill_results.json,
drive,drive_output_distill_results,,(unparsed),,,,,,5.0,,3,0.618715,,0.003945,,,,drive_output_distill_results.json,
drive,drive_output_distill_results,,(unparsed),,,,,,5.0,,3,0.183825,,0.011649,,,,drive_output_distill_results.json,
drive,drive_output_distill_results,,(unparsed),,,,,,5.0,,3,0.662986,,0.006534,,,,drive_output_distill_results.json,
drive,drive_output_distill_results,,(unparsed),,,,,,5.0,,3,0.187102,,0.014748,,,,drive_output_distill_results.json,
drive,drive_pate_5seed_results,,(unparsed),,,,,,1.0,,5,0.580868,0.023152,0.010354,,,,drive_pate_5seed_results.json,
drive,drive_pate_5seed_results,,(unparsed),,,,,,1.0,,5,0.593557,0.017202,0.007693,,,,drive_pate_5seed_results.json,
drive,drive_pate_5seed_results,,(unparsed),,,,,,1.0,,5,0.595936,0.013405,0.005995,,,,drive_pate_5seed_results.json,
drive,drive_pate_5seed_results,,(unparsed),,,,,,3.0,,5,0.588389,0.016998,0.007602,,,,drive_pate_5seed_results.json,"paired_mean=0.007521884441375759,paired_sem=0.004534893768561293,t_stat=1.6586682787416425"
drive,drive_pate_5seed_results,,(unparsed),,,,,,3.0,,5,0.609039,0.008691,0.003887,,,,drive_pate_5seed_results.json,"paired_mean=0.01548264026641848,paired_sem=0.004243467856936414,t_stat=3.648581959000916"
drive,drive_pate_5seed_results,,(unparsed),,,,,,3.0,,5,0.615431,0.009854,0.004407,,,,drive_pate_5seed_results.json,"paired_mean=0.019495046138763406,paired_sem=0.0032272758033090646,t_stat=6.040712764237347"
drive,drive_pate_5seed_results,,(unparsed),,,,,,5.0,,5,0.593128,0.016545,0.007399,,,,drive_pate_5seed_results.json,"paired_mean=0.012260746955871583,paired_sem=0.004237172176576461,t_stat=2.8936154692156"
drive,drive_pate_5seed_results,,(unparsed),,,,,,5.0,,5,0.618234,0.010538,0.004713,,,,drive_pate_5seed_results.json,"paired_mean=0.024677388668060306,paired_sem=0.004750856788672387,t_stat=5.1943027891094"
drive,drive_pate_5seed_results,,(unparsed),,,,,,5.0,,5,0.626674,0.007058,0.003157,,,,drive_pate_5seed_results.json,"paired_mean=0.03073865890502927,paired_sem=0.0040739068835820465,t_stat=7.545253188998228"
drive,drive_pate_K_saturation_results,,(unparsed),,,,,,1.0,,5,0.580868,0.023152,0.010354,,,,drive_pate_K_saturation_results.json,
drive,drive_pate_K_saturation_results,,(unparsed),,,,,,1.0,,5,0.593557,0.017202,0.007693,,,,drive_pate_K_saturation_results.json,
drive,drive_pate_K_saturation_results,,(unparsed),,,,,,1.0,,5,0.595936,0.013405,0.005995,,,,drive_pate_K_saturation_results.json,
drive,drive_pate_K_saturation_results,,(unparsed),,,,,,3.0,,5,0.588389,0.016998,0.007602,,,,drive_pate_K_saturation_results.json,
drive,drive_pate_K_saturation_results,,(unparsed),,,,,,3.0,,5,0.609039,0.008691,0.003887,,,,drive_pate_K_saturation_results.json,
drive,drive_pate_K_saturation_results,,(unparsed),,,,,,3.0,,5,0.615431,0.009854,0.004407,,,,drive_pate_K_saturation_results.json,
drive,drive_pate_K_saturation_results,,(unparsed),,,,,,5.0,,5,0.593128,0.016545,0.007399,,,,drive_pate_K_saturation_results.json,
drive,drive_pate_K_saturation_results,,(unparsed),,,,,,5.0,,5,0.618234,0.010538,0.004713,,,,drive_pate_K_saturation_results.json,
drive,drive_pate_K_saturation_results,,(unparsed),,,,,,5.0,,5,0.626674,0.007058,0.003157,,,,drive_pate_K_saturation_results.json,
drive,drive_pate_K_saturation_results,,(unparsed),,,,,,8.0,,5,0.600702,0.016962,0.007586,,,,drive_pate_K_saturation_results.json,
drive,drive_pate_K_saturation_results,,(unparsed),,,,,,8.0,,5,0.62473,0.012237,0.005473,,,,drive_pate_K_saturation_results.json,
drive,drive_pate_K_saturation_results,,(unparsed),,,,,,8.0,,5,0.63806,0.006774,0.003029,,,,drive_pate_K_saturation_results.json,
drive,drive_pate_K_saturation_results,,(unparsed),,,,,,10.0,,5,0.607063,0.014815,0.006626,,,,drive_pate_K_saturation_results.json,
drive,drive_pate_K_saturation_results,,(unparsed),,,,,,10.0,,5,0.627517,0.0081,0.003623,,,,drive_pate_K_saturation_results.json,
drive,drive_pate_K_saturation_results,,(unparsed),,,,,,10.0,,5,0.647457,0.008702,0.003892,,,,drive_pate_K_saturation_results.json,
drive,drive_pate_canal_combined_results,,uniform,,,,,,1.0,,5,0.593079,0.025593,,,,,drive_pate_canal_combined_results.json,"sigma_top10=22.177379608154297,sigma_bot10=22.177379608154297"
drive,drive_pate_canal_combined_results,,CANAL,,,,,,1.0,,5,0.595416,0.024521,,,,,drive_pate_canal_combined_results.json,"sigma_top10=21.52909278869629,sigma_bot10=22.754772186279297"
drive,drive_pate_canal_combined_results,,uniform,,,,,,2.0,,5,0.593128,0.016545,,,,,drive_pate_canal_combined_results.json,"sigma_top10=11.310503005981445,sigma_bot10=11.310503005981445"
drive,drive_pate_canal_combined_results,,CANAL,,,,,,2.0,,5,0.591661,0.016641,,,,,drive_pate_canal_combined_results.json,"sigma_top10=10.97987174987793,sigma_bot10=11.604970932006836"
drive,drive_pate_canal_combined_results,,uniform,,,,,,3.0,,5,0.600512,0.005383,,,,,drive_pate_canal_combined_results.json,"sigma_top10=7.682830810546875,sigma_bot10=7.682830810546875"
drive,drive_pate_canal_combined_results,,CANAL,,,,,,3.0,,5,0.602146,0.005557,,,,,drive_pate_canal_combined_results.json,"sigma_top10=7.458245754241943,sigma_bot10=7.882855415344238"
drive,drive_pate_canal_combined_results,,uniform,,,,,,4.0,,5,0.606534,0.011467,,,,,drive_pate_canal_combined_results.json,"sigma_top10=5.865372657775879,sigma_bot10=5.865372657775879"
drive,drive_pate_canal_combined_results,,CANAL,,,,,,4.0,,5,0.606575,0.01599,,,,,drive_pate_canal_combined_results.json,"sigma_top10=5.693915367126465,sigma_bot10=6.018077850341797"
drive,drive_pate_canal_combined_results,,uniform,,,,,,5.0,,5,0.614683,0.01654,,,,,drive_pate_canal_combined_results.json,"sigma_top10=4.772275447845459,sigma_bot10=4.772275447845459"
drive,drive_pate_canal_combined_results,,CANAL,,,,,,5.0,,5,0.614354,0.013462,,,,,drive_pate_canal_combined_results.json,"sigma_top10=4.632771968841553,sigma_bot10=4.896522045135498"
drive,drive_pate_pruning_joint_results,,(unparsed),,,,,,1.0,,5,0.587529,0.019662,0.008793,,,,drive_pate_pruning_joint_results.json,"n_active=128,sigma_active=156.81776428222656"
drive,drive_pate_pruning_joint_results,,(unparsed),,,,,,1.0,,5,0.586174,0.010361,0.004634,,,,drive_pate_pruning_joint_results.json,"n_active=38,sigma_active=85.44410705566406"
drive,drive_pate_pruning_joint_results,,(unparsed),,,,,,1.0,,5,0.591874,0.01771,0.00792,,,,drive_pate_pruning_joint_results.json,"n_active=26,sigma_active=70.67681121826172"
drive,drive_pate_pruning_joint_results,,(unparsed),,,,,,1.0,,5,0.604907,0.01618,0.007236,,,,drive_pate_pruning_joint_results.json,"n_active=13,sigma_active=49.97605514526367"
drive,drive_pate_pruning_joint_results,,(unparsed),,,,,,1.0,,5,0.603362,0.010075,0.004506,,,,drive_pate_pruning_joint_results.json,"n_active=6,sigma_active=33.95204162597656"
drive,drive_pate_pruning_joint_results,,(unparsed),,,,,,1.0,,5,0.612398,0.01341,0.005997,,,,drive_pate_pruning_joint_results.json,"n_active=3,sigma_active=24.007719039916992"
drive,drive_pate_pruning_joint_results,,(unparsed),,,,,,1.0,,5,0.581655,0.022015,0.009845,,,,drive_pate_pruning_joint_results.json,"n_active=128,sigma_active=79.97732543945312"
drive,drive_pate_pruning_joint_results,,(unparsed),,,,,,1.0,,5,0.59307,0.015124,0.006764,,,,drive_pate_pruning_joint_results.json,"n_active=38,sigma_active=43.57663345336914"
drive,drive_pate_pruning_joint_results,,(unparsed),,,,,,1.0,,5,0.59291,0.017367,0.007767,,,,drive_pate_pruning_joint_results.json,"n_active=26,sigma_active=36.045291900634766"
drive,drive_pate_pruning_joint_results,,(unparsed),,,,,,1.0,,5,0.595878,0.011969,0.005353,,,,drive_pate_pruning_joint_results.json,"n_active=13,sigma_active=25.487873077392578"
drive,drive_pate_pruning_joint_results,,(unparsed),,,,,,1.0,,5,0.603326,0.014615,0.006536,,,,drive_pate_pruning_joint_results.json,"n_active=6,sigma_active=17.31559944152832"
drive,drive_pate_pruning_joint_results,,(unparsed),,,,,,1.0,,5,0.626703,0.006237,0.002789,,,,drive_pate_pruning_joint_results.json,"n_active=3,sigma_active=12.243977546691895"
drive,drive_pate_pruning_joint_results,,(unparsed),,,,,,1.0,,5,0.576647,0.017342,0.007755,,,,drive_pate_pruning_joint_results.json,"n_active=128,sigma_active=54.32581329345703"
drive,drive_pate_pruning_joint_results,,(unparsed),,,,,,1.0,,5,0.591321,0.017458,0.007807,,,,drive_pate_pruning_joint_results.json,"n_active=38,sigma_active=29.6000919342041"
drive,drive_pate_pruning_joint_results,,(unparsed),,,,,,1.0,,5,0.592107,0.016902,0.007559,,,,drive_pate_pruning_joint_results.json,"n_active=26,sigma_active=24.48431396484375"
drive,drive_pate_pruning_joint_results,,(unparsed),,,,,,1.0,,5,0.60832,0.010835,0.004845,,,,drive_pate_pruning_joint_results.json,"n_active=13,sigma_active=17.31302261352539"
drive,drive_pate_pruning_joint_results,,(unparsed),,,,,,1.0,,5,0.615931,0.006847,0.003062,,,,drive_pate_pruning_joint_results.json,"n_active=6,sigma_active=11.761883735656738"
drive,drive_pate_pruning_joint_results,,(unparsed),,,,,,1.0,,5,0.631898,0.007197,0.003219,,,,drive_pate_pruning_joint_results.json,"n_active=3,sigma_active=8.31690788269043"
drive,drive_pate_pruning_joint_results,,(unparsed),,,,,,1.0,,5,0.58665,0.016845,0.007534,,,,drive_pate_pruning_joint_results.json,"n_active=128,sigma_active=41.47444534301758"
drive,drive_pate_pruning_joint_results,,(unparsed),,,,,,1.0,,5,0.587536,0.025569,0.011435,,,,drive_pate_pruning_joint_results.json,"n_active=38,sigma_active=22.597864151000977"
drive,drive_pate_pruning_joint_results,,(unparsed),,,,,,1.0,,5,0.601695,0.015554,0.006956,,,,drive_pate_pruning_joint_results.json,"n_active=26,sigma_active=18.692279815673828"
drive,drive_pate_pruning_joint_results,,(unparsed),,,,,,1.0,,5,0.606967,0.019382,0.008668,,,,drive_pate_pruning_joint_results.json,"n_active=13,sigma_active=13.217437744140625"
drive,drive_pate_pruning_joint_results,,(unparsed),,,,,,1.0,,5,0.624329,0.008219,0.003676,,,,drive_pate_pruning_joint_results.json,"n_active=6,sigma_active=8.979480743408203"
drive,drive_pate_pruning_joint_results,,(unparsed),,,,,,1.0,,5,0.638885,0.012132,0.005426,,,,drive_pate_pruning_joint_results.json,"n_active=3,sigma_active=6.349451541900635"
drive,drive_pate_pruning_joint_results,,(unparsed),,,,,,1.0,,5,0.591436,0.02009,0.008985,,,,drive_pate_pruning_joint_results.json,"n_active=128,sigma_active=33.74508285522461"
drive,drive_pate_pruning_joint_results,,(unparsed),,,,,,1.0,,5,0.59199,0.019058,0.008523,,,,drive_pate_pruning_joint_results.json,"n_active=38,sigma_active=18.38642692565918"
drive,drive_pate_pruning_joint_results,,(unparsed),,,,,,1.0,,5,0.601377,0.01314,0.005876,,,,drive_pate_pruning_joint_results.json,"n_active=26,sigma_active=15.20870304107666"
drive,drive_pate_pruning_joint_results,,(unparsed),,,,,,1.0,,5,0.614519,0.014995,0.006706,,,,drive_pate_pruning_joint_results.json,"n_active=13,sigma_active=10.754176139831543"
drive,drive_pate_pruning_joint_results,,(unparsed),,,,,,1.0,,5,0.628425,0.012121,0.005421,,,,drive_pate_pruning_joint_results.json,"n_active=6,sigma_active=7.30602502822876"
drive,drive_pate_pruning_joint_results,,(unparsed),,,,,,1.0,,5,0.642597,0.009736,0.004354,,,,drive_pate_pruning_joint_results.json,"n_active=3,sigma_active=5.166139602661133"
drive,drive_pate_pruning_joint_results,,(unparsed),,,,,,5.0,,5,0.587602,0.030154,0.013485,,,,drive_pate_pruning_joint_results.json,"n_active=128,sigma_active=31.363554000854492"
drive,drive_pate_pruning_joint_results,,(unparsed),,,,,,5.0,,5,0.596865,0.029243,0.013078,,,,drive_pate_pruning_joint_results.json,"n_active=38,sigma_active=17.088821411132812"
drive,drive_pate_pruning_joint_results,,(unparsed),,,,,,5.0,,5,0.605759,0.021233,0.009496,,,,drive_pate_pruning_joint_results.json,"n_active=26,sigma_active=14.13536262512207"
drive,drive_pate_pruning_joint_results,,(unparsed),,,,,,5.0,,5,0.613883,0.007902,0.003534,,,,drive_pate_pruning_joint_results.json,"n_active=13,sigma_active=9.995210647583008"
drive,drive_pate_pruning_joint_results,,(unparsed),,,,,,5.0,,5,0.629278,0.009842,0.004401,,,,drive_pate_pruning_joint_results.json,"n_active=6,sigma_active=6.790408611297607"
drive,drive_pate_pruning_joint_results,,(unparsed),,,,,,5.0,,5,0.640838,0.006388,0.002857,,,,drive_pate_pruning_joint_results.json,"n_active=3,sigma_active=4.801544189453125"
drive,drive_pate_pruning_joint_results,,(unparsed),,,,,,5.0,,5,0.601292,0.012187,0.00545,,,,drive_pate_pruning_joint_results.json,"n_active=128,sigma_active=15.995465278625488"
drive,drive_pate_pruning_joint_results,,(unparsed),,,,,,5.0,,5,0.606897,0.016852,0.007536,,,,drive_pate_pruning_joint_results.json,"n_active=38,sigma_active=8.715327262878418"
drive,drive_pate_pruning_joint_results,,(unparsed),,,,,,5.0,,5,0.620553,0.006694,0.002994,,,,drive_pate_pruning_joint_results.json,"n_active=26,sigma_active=7.2090582847595215"
drive,drive_pate_pruning_joint_results,,(unparsed),,,,,,5.0,,5,0.627979,0.010496,0.004694,,,,drive_pate_pruning_joint_results.json,"n_active=13,sigma_active=5.097574234008789"
drive,drive_pate_pruning_joint_results,,(unparsed),,,,,,5.0,,5,0.646498,0.010602,0.004741,,,,drive_pate_pruning_joint_results.json,"n_active=6,sigma_active=3.4631197452545166"
drive,drive_pate_pruning_joint_results,,(unparsed),,,,,,5.0,,5,0.662513,0.005756,0.002574,,,,drive_pate_pruning_joint_results.json,"n_active=3,sigma_active=2.4487955570220947"
drive,drive_pate_pruning_joint_results,,(unparsed),,,,,,5.0,,5,0.607074,0.011093,0.004961,,,,drive_pate_pruning_joint_results.json,"n_active=128,sigma_active=10.865163803100586"
drive,drive_pate_pruning_joint_results,,(unparsed),,,,,,5.0,,5,0.613526,0.014717,0.006582,,,,drive_pate_pruning_joint_results.json,"n_active=38,sigma_active=5.920018672943115"
drive,drive_pate_pruning_joint_results,,(unparsed),,,,,,5.0,,5,0.625152,0.011816,0.005284,,,,drive_pate_pruning_joint_results.json,"n_active=26,sigma_active=4.896862983703613"
drive,drive_pate_pruning_joint_results,,(unparsed),,,,,,5.0,,5,0.633913,0.007605,0.003401,,,,drive_pate_pruning_joint_results.json,"n_active=13,sigma_active=3.4626049995422363"
drive,drive_pate_pruning_joint_results,,(unparsed),,,,,,5.0,,5,0.6522,0.008038,0.003595,,,,drive_pate_pruning_joint_results.json,"n_active=6,sigma_active=2.352376937866211"
drive,drive_pate_pruning_joint_results,,(unparsed),,,,,,5.0,,5,0.66768,0.00567,0.002536,,,,drive_pate_pruning_joint_results.json,"n_active=3,sigma_active=1.6633816957473755"
drive,drive_pate_pruning_joint_results,,(unparsed),,,,,,5.0,,5,0.604227,0.013324,0.005959,,,,drive_pate_pruning_joint_results.json,"n_active=128,sigma_active=8.294889450073242"
drive,drive_pate_pruning_joint_results,,(unparsed),,,,,,5.0,,5,0.624249,0.00564,0.002522,,,,drive_pate_pruning_joint_results.json,"n_active=38,sigma_active=4.519572734832764"
drive,drive_pate_pruning_joint_results,,(unparsed),,,,,,5.0,,5,0.630232,0.003217,0.001439,,,,drive_pate_pruning_joint_results.json,"n_active=26,sigma_active=3.7384562492370605"
drive,drive_pate_pruning_joint_results,,(unparsed),,,,,,5.0,,5,0.643057,0.008718,0.003899,,,,drive_pate_pruning_joint_results.json,"n_active=13,sigma_active=2.6434876918792725"
drive,drive_pate_pruning_joint_results,,(unparsed),,,,,,5.0,,5,0.656438,0.006837,0.003057,,,,drive_pate_pruning_joint_results.json,"n_active=6,sigma_active=1.7958961725234985"
drive,drive_pate_pruning_joint_results,,(unparsed),,,,,,5.0,,5,0.669118,0.009839,0.0044,,,,drive_pate_pruning_joint_results.json,"n_active=3,sigma_active=1.269890308380127"
drive,drive_pate_pruning_joint_results,,(unparsed),,,,,,5.0,,5,0.602079,0.01608,0.007191,,,,drive_pate_pruning_joint_results.json,"n_active=128,sigma_active=6.749016761779785"
drive,drive_pate_pruning_joint_results,,(unparsed),,,,,,5.0,,5,0.629882,0.010404,0.004653,,,,drive_pate_pruning_joint_results.json,"n_active=38,sigma_active=3.6772849559783936"
drive,drive_pate_pruning_joint_results,,(unparsed),,,,,,5.0,,5,0.633458,0.010557,0.004721,,,,drive_pate_pruning_joint_results.json,"n_active=26,sigma_active=3.041740655899048"
drive,drive_pate_pruning_joint_results,,(unparsed),,,,,,5.0,,5,0.647912,0.009089,0.004065,,,,drive_pate_pruning_joint_results.json,"n_active=13,sigma_active=2.1508355140686035"
drive,drive_pate_pruning_joint_results,,(unparsed),,,,,,5.0,,5,0.664514,0.009868,0.004413,,,,drive_pate_pruning_joint_results.json,"n_active=6,sigma_active=1.461205005645752"
drive,drive_pate_pruning_joint_results,,(unparsed),,,,,,5.0,,5,0.673739,0.004909,0.002195,,,,drive_pate_pruning_joint_results.json,"n_active=3,sigma_active=1.0332279205322266"
drive,drive_pate_pruning_joint_results,,(unparsed),,,,,,10.0,,5,0.596019,0.010591,0.004737,,,,drive_pate_pruning_joint_results.json,"n_active=128,sigma_active=15.681777000427246"
drive,drive_pate_pruning_joint_results,,(unparsed),,,,,,10.0,,5,0.611071,0.010542,0.004714,,,,drive_pate_pruning_joint_results.json,"n_active=38,sigma_active=8.544410705566406"
drive,drive_pate_pruning_joint_results,,(unparsed),,,,,,10.0,,5,0.615477,0.011572,0.005175,,,,drive_pate_pruning_joint_results.json,"n_active=26,sigma_active=7.067681312561035"
drive,drive_pate_pruning_joint_results,,(unparsed),,,,,,10.0,,5,0.630664,0.009709,0.004342,,,,drive_pate_pruning_joint_results.json,"n_active=13,sigma_active=4.997605323791504"
drive,drive_pate_pruning_joint_results,,(unparsed),,,,,,10.0,,5,0.647249,0.009377,0.004193,,,,drive_pate_pruning_joint_results.json,"n_active=6,sigma_active=3.3952043056488037"
drive,drive_pate_pruning_joint_results,,(unparsed),,,,,,10.0,,5,0.659065,0.010273,0.004594,,,,drive_pate_pruning_joint_results.json,"n_active=3,sigma_active=2.4007720947265625"
drive,drive_pate_pruning_joint_results,,(unparsed),,,,,,10.0,,5,0.60682,0.015429,0.0069,,,,drive_pate_pruning_joint_results.json,"n_active=128,sigma_active=7.997732639312744"
drive,drive_pate_pruning_joint_results,,(unparsed),,,,,,10.0,,5,0.618222,0.008904,0.003982,,,,drive_pate_pruning_joint_results.json,"n_active=38,sigma_active=4.357663631439209"
drive,drive_pate_pruning_joint_results,,(unparsed),,,,,,10.0,,5,0.627891,0.01202,0.005375,,,,drive_pate_pruning_joint_results.json,"n_active=26,sigma_active=3.6045291423797607"
drive,drive_pate_pruning_joint_results,,(unparsed),,,,,,10.0,,5,0.64429,0.008793,0.003933,,,,drive_pate_pruning_joint_results.json,"n_active=13,sigma_active=2.5487871170043945"
drive,drive_pate_pruning_joint_results,,(unparsed),,,,,,10.0,,5,0.660429,0.007963,0.003561,,,,drive_pate_pruning_joint_results.json,"n_active=6,sigma_active=1.7315598726272583"
drive,drive_pate_pruning_joint_results,,(unparsed),,,,,,10.0,,5,0.673747,0.008217,0.003675,,,,drive_pate_pruning_joint_results.json,"n_active=3,sigma_active=1.2243977785110474"
drive,drive_pate_pruning_joint_results,,(unparsed),,,,,,10.0,,5,0.604474,0.018454,0.008253,,,,drive_pate_pruning_joint_results.json,"n_active=128,sigma_active=5.432581901550293"
drive,drive_pate_pruning_joint_results,,(unparsed),,,,,,10.0,,5,0.626923,0.010878,0.004865,,,,drive_pate_pruning_joint_results.json,"n_active=38,sigma_active=2.9600093364715576"
drive,drive_pate_pruning_joint_results,,(unparsed),,,,,,10.0,,5,0.63627,0.008454,0.003781,,,,drive_pate_pruning_joint_results.json,"n_active=26,sigma_active=2.4484314918518066"
drive,drive_pate_pruning_joint_results,,(unparsed),,,,,,10.0,,5,0.657475,0.006453,0.002886,,,,drive_pate_pruning_joint_results.json,"n_active=13,sigma_active=1.7313024997711182"
drive,drive_pate_pruning_joint_results,,(unparsed),,,,,,10.0,,5,0.666525,0.006242,0.002792,,,,drive_pate_pruning_joint_results.json,"n_active=6,sigma_active=1.1761884689331055"
drive,drive_pate_pruning_joint_results,,(unparsed),,,,,,10.0,,5,0.676214,0.004949,0.002213,,,,drive_pate_pruning_joint_results.json,"n_active=3,sigma_active=0.8316908478736877"
drive,drive_pate_pruning_joint_results,,(unparsed),,,,,,10.0,,5,0.615314,0.012039,0.005384,,,,drive_pate_pruning_joint_results.json,"n_active=128,sigma_active=4.147444725036621"
drive,drive_pate_pruning_joint_results,,(unparsed),,,,,,10.0,,5,0.635983,0.011628,0.0052,,,,drive_pate_pruning_joint_results.json,"n_active=38,sigma_active=2.259786367416382"
drive,drive_pate_pruning_joint_results,,(unparsed),,,,,,10.0,,5,0.638852,0.012257,0.005481,,,,drive_pate_pruning_joint_results.json,"n_active=26,sigma_active=1.8692281246185303"
drive,drive_pate_pruning_joint_results,,(unparsed),,,,,,10.0,,5,0.659452,0.01314,0.005876,,,,drive_pate_pruning_joint_results.json,"n_active=13,sigma_active=1.3217438459396362"
drive,drive_pate_pruning_joint_results,,(unparsed),,,,,,10.0,,5,0.674642,0.008759,0.003917,,,,drive_pate_pruning_joint_results.json,"n_active=6,sigma_active=0.8979480862617493"
drive,drive_pate_pruning_joint_results,,(unparsed),,,,,,10.0,,5,0.678636,0.003323,0.001486,,,,drive_pate_pruning_joint_results.json,"n_active=3,sigma_active=0.6349451541900635"
drive,drive_pate_pruning_joint_results,,(unparsed),,,,,,10.0,,5,0.613145,0.009768,0.004368,,,,drive_pate_pruning_joint_results.json,"n_active=128,sigma_active=3.3745083808898926"
drive,drive_pate_pruning_joint_results,,(unparsed),,,,,,10.0,,5,0.640123,0.009805,0.004385,,,,drive_pate_pruning_joint_results.json,"n_active=38,sigma_active=1.8386424779891968"
drive,drive_pate_pruning_joint_results,,(unparsed),,,,,,10.0,,5,0.651988,0.011417,0.005106,,,,drive_pate_pruning_joint_results.json,"n_active=26,sigma_active=1.520870327949524"
drive,drive_pate_pruning_joint_results,,(unparsed),,,,,,10.0,,5,0.662461,0.005388,0.002409,,,,drive_pate_pruning_joint_results.json,"n_active=13,sigma_active=1.0754177570343018"
drive,drive_pate_pruning_joint_results,,(unparsed),,,,,,10.0,,5,0.673043,0.003184,0.001424,,,,drive_pate_pruning_joint_results.json,"n_active=6,sigma_active=0.730602502822876"
drive,drive_pate_pruning_joint_results,,(unparsed),,,,,,10.0,,5,0.679515,0.003773,0.001688,,,,drive_pate_pruning_joint_results.json,"n_active=3,sigma_active=0.5166139602661133"
drive,drive_pruning_ablation_results,,(unparsed),,,,,,,,1,0.627561,0.025438,,,,,drive_pruning_ablation_results.json,"vals=[0.6331084251403809, 0.6235955715179443, 0.5849234938621521, 0.6318375945091248, 0.6643400430679322]"
drive,drive_pruning_ablation_results,,(unparsed),,,,,,,,1,0.798069,0.012427,,,,,drive_pruning_ablation_results.json,"vals=[0.8007885634899139, 0.7969271063804626, 0.7766921103000641, 0.8005360305309296, 0.8154003143310546]"
drive,drive_pruning_ablation_results,,(unparsed),,,,,,,,1,0.698922,0.012763,,,,,drive_pruning_ablation_results.json,"vals=[0.7014295488595963, 0.6981724917888641, 0.6768635869026184, 0.7014903426170349, 0.7166543781757355]"
drive,drive_pruning_ablation_results,,(unparsed),,,,,,,,1,0.942108,0.001948,,,,,drive_pruning_ablation_results.json,"vals=[0.9419487847222222, 0.9449001736111111, 0.94140625, 0.9432400173611111, 0.9390462239583334]"
drive,drive_pruning_ablation_results,,(unparsed),,,,,,,,1,0.674923,0.004971,,,,,drive_pruning_ablation_results.json,"vals=[0.6655855059623719, 0.6758938670158386, 0.6760024189949035, 0.6805295467376709, 0.6766044735908509]"
drive,drive_pruning_ablation_results,,(unparsed),,,,,,,,1,0.822749,0.00286,,,,,drive_pruning_ablation_results.json,"vals=[0.817256247997284, 0.824092698097229, 0.8229900896549225, 0.8254845023155213, 0.8239223301410675]"
drive,drive_pruning_ablation_results,,(unparsed),,,,,,,,1,0.726621,0.003536,,,,,drive_pruning_ablation_results.json,"vals=[0.719768938422203, 0.7289001107215882, 0.7268413782119751, 0.7294450163841248, 0.7281474649906159]"
drive,drive_pruning_ablation_results,,(unparsed),,,,,,,,1,0.946067,0.001957,,,,,drive_pruning_ablation_results.json,"vals=[0.9431694878472222, 0.948974609375, 0.9450737847222223, 0.9459147135416667, 0.9472005208333333]"
drive,drive_pruning_ablation_results,,(unparsed),,,,,,,,1,0.677779,0.002545,,,,,drive_pruning_ablation_results.json,"vals=[0.6758415818214416, 0.6822575926780701, 0.6771387219429016, 0.6786106348037719, 0.6750470519065856]"
drive,drive_pruning_ablation_results,,(unparsed),,,,,,,,1,0.824224,0.001462,,,,,drive_pruning_ablation_results.json,"vals=[0.8228799700737, 0.8268140912055969, 0.823594480752945, 0.8248074173927307, 0.823025393486023]"
drive,drive_pruning_ablation_results,,(unparsed),,,,,,,,1,0.728306,0.001831,,,,,drive_pruning_ablation_results.json,"vals=[0.7264602839946747, 0.7315217494964599, 0.7273744642734528, 0.7291001021862029, 0.727073472738266]"
drive,drive_pruning_ablation_results,,(unparsed),,,,,,,,1,0.946262,0.00099,,,,,drive_pruning_ablation_results.json,"vals=[0.944970703125, 0.9474989149305556, 0.94521484375, 0.9468370225694445, 0.9467881944444444]"
drive,drive_pruning_ablation_results,,(unparsed),,,,,,2.0,,1,0.584246,0.0198,,,,,drive_pruning_ablation_results.json,"vals=[0.5458554625511169, 0.6026202917099, 0.5877843976020813, 0.5929243087768554, 0.5920469045639039]"
drive,drive_pruning_ablation_results,,(unparsed),,,,,,2.0,,1,0.773723,0.010818,,,,,drive_pruning_ablation_results.json,"vals=[0.7528760313987732, 0.7843338966369628, 0.7757074773311615, 0.7777609705924988, 0.7779367208480835]"
drive,drive_pruning_ablation_results,,(unparsed),,,,,,2.0,,1,0.671477,0.011446,,,,,drive_pruning_ablation_results.json,"vals=[0.6495774775743485, 0.6832118541002273, 0.6734214961528778, 0.6752975791692734, 0.6758768647909165]"
drive,drive_pruning_ablation_results,,(unparsed),,,,,,2.0,,1,0.932438,0.003604,,,,,drive_pruning_ablation_results.json,"vals=[0.9263671875, 0.9374782986111111, 0.9331922743055555, 0.9315538194444445, 0.9335991753472223]"
drive,drive_pruning_ablation_results,,(unparsed),,,,,,2.0,,1,0.589627,0.017363,,,,,drive_pruning_ablation_results.json,"vals=[0.5586272954940796, 0.5955321550369262, 0.5838403940200806, 0.6058405876159668, 0.6042966246604919]"
drive,drive_pruning_ablation_results,,(unparsed),,,,,,2.0,,1,0.776781,0.009291,,,,,drive_pruning_ablation_results.json,"vals=[0.7609244048595429, 0.7803695440292358, 0.772075641155243, 0.786020141839981, 0.7845140278339386]"
drive,drive_pruning_ablation_results,,(unparsed),,,,,,2.0,,1,0.675056,0.0097,,,,,drive_pruning_ablation_results.json,"vals=[0.6593309700489044, 0.6789652526378631, 0.6686895787715912, 0.6851511120796203, 0.6831443309783936]"
drive,drive_pruning_ablation_results,,(unparsed),,,,,,2.0,,1,0.933766,0.00358,,,,,drive_pruning_ablation_results.json,"vals=[0.9321831597222222, 0.9359700520833333, 0.927587890625, 0.93779296875, 0.9352973090277777]"
drive,drive_pruning_ablation_results,,(unparsed),,,,,,2.0,,1,0.600385,0.015027,,,,,drive_pruning_ablation_results.json,"vals=[0.5707106590270996, 0.6034681797027588, 0.6081257581710815, 0.6106497287750244, 0.6089691400527955]"
drive,drive_pruning_ablation_results,,(unparsed),,,,,,2.0,,1,0.78224,0.008573,,,,,drive_pruning_ablation_results.json,"vals=[0.7653425693511963, 0.7841894745826721, 0.7861066460609436, 0.7887371838092805, 0.7868233859539032]"
drive,drive_pruning_ablation_results,,(unparsed),,,,,,2.0,,1,0.680392,0.009588,,,,,drive_pruning_ablation_results.json,"vals=[0.6615761816501617, 0.682593584060669, 0.6842048972845077, 0.6882634490728379, 0.685322818160057]"
drive,drive_pruning_ablation_results,,(unparsed),,,,,,2.0,,1,0.934166,0.003988,,,,,drive_pruning_ablation_results.json,"vals=[0.9268283420138889, 0.935595703125, 0.9342502170138889, 0.9389051649305555, 0.9352484809027778]"
drive,drive_pruning_ablation_results,,(unparsed),,,,,,2.0,,1,0.618254,0.010837,,,,,drive_pruning_ablation_results.json,"vals=[0.5984529614448547, 0.620951521396637, 0.6182302594184875, 0.6313546180725098, 0.6222788691520691]"
drive,drive_pruning_ablation_results,,(unparsed),,,,,,2.0,,1,0.791971,0.005535,,,,,drive_pruning_ablation_results.json,"vals=[0.7820741653442382, 0.7943586885929108, 0.7912432610988617, 0.7988334834575653, 0.7933447122573852]"
drive,drive_pruning_ablation_results,,(unparsed),,,,,,2.0,,1,0.691,0.005889,,,,,drive_pruning_ablation_results.json,"vals=[0.6807261377573013, 0.694281816482544, 0.6896667778491974, 0.6983752876520157, 0.6919504106044769]"
drive,drive_pruning_ablation_results,,(unparsed),,,,,,2.0,,1,0.937088,0.002199,,,,,drive_pruning_ablation_results.json,"vals=[0.9368326822916667, 0.9406195746527778, 0.9346896701388889, 0.9383083767361111, 0.9349880642361111]"
drive,drive_pruning_ablation_results,,(unparsed),,,,,,2.0,,1,0.626445,0.019351,,,,,drive_pruning_ablation_results.json,"vals=[0.5878599286079407, 0.6341863155364991, 0.6361778616905213, 0.6387424945831299, 0.6352562546730042]"
drive,drive_pruning_ablation_results,,(unparsed),,,,,,2.0,,1,0.796037,0.01025,,,,,drive_pruning_ablation_results.json,"vals=[0.7757299780845642, 0.7992913126945496, 0.802068829536438, 0.8031648814678192, 0.7999303936958313]"
drive,drive_pruning_ablation_results,,(unparsed),,,,,,2.0,,1,0.695336,0.011169,,,,,drive_pruning_ablation_results.json,"vals=[0.6733977168798446, 0.6980567038059234, 0.7026034712791442, 0.7036362320184708, 0.6989847809076309]"
drive,drive_pruning_ablation_results,,(unparsed),,,,,,2.0,,1,0.937107,0.003164,,,,,drive_pruning_ablation_results.json,"vals=[0.9331597222222222, 0.9351616753472223, 0.9411458333333333, 0.9405490451388889, 0.9355197482638888]"
drive,drive_pruning_ablation_results,,(unparsed),,,,,,8.0,,1,0.586458,0.024066,,,,,drive_pruning_ablation_results.json,"vals=[0.5435832500457763, 0.5993508219718933, 0.5766000151634216, 0.6069813251495362, 0.6057725191116333]"
drive,drive_pruning_ablation_results,,(unparsed),,,,,,8.0,,1,0.774839,0.013601,,,,,drive_pruning_ablation_results.json,"vals=[0.7500946879386902, 0.7823446989059448, 0.7704154789447785, 0.7866883695125579, 0.7846536934375763]"
drive,drive_pruning_ablation_results,,(unparsed),,,,,,8.0,,1,0.67268,0.014753,,,,,drive_pruning_ablation_results.json,"vals=[0.6456252425909043, 0.680880942940712, 0.6684561222791672, 0.6857983082532882, 0.6826369166374207]"
drive,drive_pruning_ablation_results,,(unparsed),,,,,,8.0,,1,0.932521,0.006077,,,,,drive_pruning_ablation_results.json,"vals=[0.920849609375, 0.9362413194444444, 0.9340711805555556, 0.9381401909722222, 0.93330078125]"
drive,drive_pruning_ablation_results,,(unparsed),,,,,,8.0,,1,0.619268,0.011727,,,,,drive_pruning_ablation_results.json,"vals=[0.6002740859985352, 0.6277395009994506, 0.6183368325233459, 0.6347050070762634, 0.6152827858924865]"
drive,drive_pruning_ablation_results,,(unparsed),,,,,,8.0,,1,0.792381,0.006427,,,,,drive_pruning_ablation_results.json,"vals=[0.782254034280777, 0.7972947657108307, 0.7909381628036498, 0.8009829461574555, 0.7904368758201599]"
drive,drive_pruning_ablation_results,,(unparsed),,,,,,8.0,,1,0.69136,0.007227,,,,,drive_pruning_ablation_results.json,"vals=[0.6802809208631515, 0.6970423936843873, 0.6889877766370773, 0.7011745899915696, 0.6893138617277146]"
drive,drive_pruning_ablation_results,,(unparsed),,,,,,8.0,,1,0.936774,0.002546,,,,,drive_pruning_ablation_results.json,"vals=[0.9343912760416667, 0.93916015625, 0.9334743923611111, 0.9399576822916667, 0.9368869357638889]"
drive,drive_pruning_ablation_results,,(unparsed),,,,,,8.0,,1,0.61717,0.010259,,,,,drive_pruning_ablation_results.json,"vals=[0.5996995687484741, 0.617270040512085, 0.6173896312713623, 0.6318247318267822, 0.6196657419204712]"
drive,drive_pruning_ablation_results,,(unparsed),,,,,,8.0,,1,0.791036,0.005884,,,,,drive_pruning_ablation_results.json,"vals=[0.781302934885025, 0.7921741664409638, 0.7909779131412507, 0.7998141050338745, 0.7909128785133361]"
drive,drive_pruning_ablation_results,,(unparsed),,,,,,8.0,,1,0.68973,0.006863,,,,,drive_pruning_ablation_results.json,"vals=[0.6787173271179199, 0.6919321447610856, 0.6894125401973725, 0.7001079976558685, 0.6884818315505982]"
drive,drive_pruning_ablation_results,,(unparsed),,,,,,8.0,,1,0.935758,0.00382,,,,,drive_pruning_ablation_results.json,"vals=[0.9321614583333333, 0.9394205729166667, 0.9351779513888889, 0.9408203125, 0.9312120225694445]"
drive,drive_pruning_ablation_results,,(unparsed),,,,,,8.0,,1,0.649357,0.009823,,,,,drive_pruning_ablation_results.json,"vals=[0.6323938369750977, 0.653594172000885, 0.644753885269165, 0.6563882827758789, 0.6596564888954163]"
drive,drive_pruning_ablation_results,,(unparsed),,,,,,8.0,,1,0.808686,0.005218,,,,,drive_pruning_ablation_results.json,"vals=[0.7993768155574799, 0.8108278512954712, 0.8068004131317139, 0.8128066241741181, 0.8136192560195923]"
drive,drive_pruning_ablation_results,,(unparsed),,,,,,8.0,,1,0.709863,0.005955,,,,,drive_pruning_ablation_results.json,"vals=[0.6990798264741898, 0.7121471911668777, 0.708098617196083, 0.7149432361125946, 0.7150485306978225]"
drive,drive_pruning_ablation_results,,(unparsed),,,,,,8.0,,1,0.941418,0.001781,,,,,drive_pruning_ablation_results.json,"vals=[0.9383897569444445, 0.9415581597222222, 0.9427571614583333, 0.9435492621527778, 0.9408365885416666]"
drive,drive_pruning_ablation_results,,(unparsed),,,,,,8.0,,1,0.649951,0.009984,,,,,drive_pruning_ablation_results.json,"vals=[0.6313569664955139, 0.6558093667030335, 0.6558661937713623, 0.6588442087173462, 0.6478771328926086]"
drive,drive_pruning_ablation_results,,(unparsed),,,,,,8.0,,1,0.808975,0.005235,,,,,drive_pruning_ablation_results.json,"vals=[0.7991505563259125, 0.8118214428424835, 0.812162846326828, 0.8136124193668366, 0.808126586675644]"
drive,drive_pruning_ablation_results,,(unparsed),,,,,,8.0,,1,0.710207,0.005896,,,,,drive_pruning_ablation_results.json,"vals=[0.6990820914506912, 0.7132525533437729, 0.713913518190384, 0.7153484225273132, 0.7094364523887634]"
drive,drive_pruning_ablation_results,,(unparsed),,,,,,8.0,,1,0.941392,0.00108,,,,,drive_pruning_ablation_results.json,"vals=[0.9393608940972222, 0.9412055121527778, 0.9422417534722223, 0.9421603732638889, 0.9419921875]"
drive,drive_pruning_ablation_results,,(unparsed),,,,,,16.0,,1,0.600669,0.021255,,,,,drive_pruning_ablation_results.json,"vals=[0.5591970920562744, 0.6071511626243591, 0.6050465822219848, 0.6138275504112244, 0.6181214928627015]"
drive,drive_pruning_ablation_results,,(unparsed),,,,,,16.0,,1,0.782238,0.011684,,,,,drive_pruning_ablation_results.json,"vals=[0.7597972989082337, 0.785941982269287, 0.7832892119884491, 0.7891107201576233, 0.7930493712425233]"
drive,drive_pruning_ablation_results,,(unparsed),,,,,,16.0,,1,0.680333,0.012686,,,,,drive_pruning_ablation_results.json,"vals=[0.656421673297882, 0.6842543125152588, 0.6802820801734925, 0.6874596446752548, 0.6932486772537232]"
drive,drive_pruning_ablation_results,,(unparsed),,,,,,16.0,,1,0.933697,0.004697,,,,,drive_pruning_ablation_results.json,"vals=[0.9274088541666666, 0.9353298611111112, 0.9299424913194444, 0.9348470052083333, 0.9409559461805556]"
drive,drive_pruning_ablation_results,,(unparsed),,,,,,16.0,,1,0.631835,0.012648,,,,,drive_pruning_ablation_results.json,"vals=[0.6091073870658874, 0.632739806175232, 0.6379117727279663, 0.6475069046020507, 0.6319108724594116]"
drive,drive_pruning_ablation_results,,(unparsed),,,,,,16.0,,1,0.798837,0.006875,,,,,drive_pruning_ablation_results.json,"vals=[0.7868490517139435, 0.7996657907962799, 0.8024869441986084, 0.8076126456260682, 0.7975727081298828]"
drive,drive_pruning_ablation_results,,(unparsed),,,,,,16.0,,1,0.698355,0.007771,,,,,drive_pruning_ablation_results.json,"vals=[0.6852262884378433, 0.699422299861908, 0.7027815133333206, 0.7084841936826707, 0.69586021900177]"
drive,drive_pruning_ablation_results,,(unparsed),,,,,,16.0,,1,0.937541,0.002897,,,,,drive_pruning_ablation_results.json,"vals=[0.9351019965277778, 0.9388129340277778, 0.9396755642361111, 0.9408908420138888, 0.9332248263888889]"
drive,drive_pruning_ablation_results,,(unparsed),,,,,,16.0,,1,0.631999,0.008293,,,,,drive_pruning_ablation_results.json,"vals=[0.6185945272445679, 0.6303919434547425, 0.6341726183891296, 0.6445197701454163, 0.6323184490203857]"
drive,drive_pruning_ablation_results,,(unparsed),,,,,,16.0,,1,0.799526,0.004624,,,,,drive_pruning_ablation_results.json,"vals=[0.7916913866996765, 0.8000308215618134, 0.8010794937610626, 0.8060330986976624, 0.798797070980072]"
drive,drive_pruning_ablation_results,,(unparsed),,,,,,16.0,,1,0.699552,0.005395,,,,,drive_pruning_ablation_results.json,"vals=[0.6902671784162522, 0.7012797713279724, 0.7014204531908035, 0.7066770821809769, 0.6981150805950165]"
drive,drive_pruning_ablation_results,,(unparsed),,,,,,16.0,,1,0.939572,0.003092,,,,,drive_pruning_ablation_results.json,"vals=[0.9355848524305556, 0.9439724392361111, 0.9411675347222223, 0.9405653211805556, 0.936572265625]"
drive,drive_pruning_ablation_results,,(unparsed),,,,,,16.0,,1,0.663361,0.00586,,,,,drive_pruning_ablation_results.json,"vals=[0.6533227562904358, 0.6622870445251465, 0.6677904844284057, 0.6629725933074951, 0.6704311728477478]"
drive,drive_pruning_ablation_results,,(unparsed),,,,,,16.0,,1,0.816689,0.003306,,,,,drive_pruning_ablation_results.json,"vals=[0.8103898286819458, 0.8170147895812989, 0.818947023153305, 0.8173527121543884, 0.8197423279285431]"
drive,drive_pruning_ablation_results,,(unparsed),,,,,,16.0,,1,0.719487,0.004084,,,,,drive_pruning_ablation_results.json,"vals=[0.7114365220069885, 0.720491600036621, 0.7219360828399659, 0.7210724294185639, 0.7224985897541045]"
drive,drive_pruning_ablation_results,,(unparsed),,,,,,16.0,,1,0.944983,0.00279,,,,,drive_pruning_ablation_results.json,"vals=[0.9405327690972223, 0.9478786892361111, 0.9451714409722223, 0.9478732638888889, 0.94345703125]"
drive,drive_pruning_ablation_results,,(unparsed),,,,,,16.0,,1,0.664874,0.008506,,,,,drive_pruning_ablation_results.json,"vals=[0.6512714385986328, 0.6595031142234802, 0.6684217095375061, 0.6754456520080566, 0.6697297811508178]"
drive,drive_pruning_ablation_results,,(unparsed),,,,,,16.0,,1,0.817157,0.004768,,,,,drive_pruning_ablation_results.json,"vals=[0.8099168539047241, 0.8139105975627898, 0.8188966631889343, 0.8236991107463836, 0.8193623065948485]"
drive,drive_pruning_ablation_results,,(unparsed),,,,,,16.0,,1,0.719823,0.005785,,,,,drive_pruning_ablation_results.json,"vals=[0.7113788574934006, 0.7156901955604553, 0.7218761652708053, 0.7281945019960403, 0.7219743818044662]"
drive,drive_pruning_ablation_results,,(unparsed),,,,,,16.0,,1,0.944022,0.00229,,,,,drive_pruning_ablation_results.json,"vals=[0.9423556857638888, 0.9420572916666666, 0.9439615885416667, 0.9483940972222222, 0.9433430989583333]"
drive,drive_q1_per_iter_vs_sample_once_results,,(unparsed),,,,,,2.0,,5,0.566842,0.011101,,,,,drive_q1_per_iter_vs_sample_once_results.json,
drive,drive_q1_per_iter_vs_sample_once_results,,(unparsed),,,,,,2.0,,5,0.580868,0.023152,,,,,drive_q1_per_iter_vs_sample_once_results.json,
drive,drive_q1_per_iter_vs_sample_once_results,,(unparsed),,,,,,4.0,,5,0.581971,0.010576,,,,,drive_q1_per_iter_vs_sample_once_results.json,
drive,drive_q1_per_iter_vs_sample_once_results,,(unparsed),,,,,,4.0,,5,0.58853,0.015905,,,,,drive_q1_per_iter_vs_sample_once_results.json,
drive,drive_q1_per_iter_vs_sample_once_results,,(unparsed),,,,,,8.0,,5,0.578956,0.012049,,,,,drive_q1_per_iter_vs_sample_once_results.json,
drive,drive_q1_per_iter_vs_sample_once_results,,(unparsed),,,,,,8.0,,5,0.593557,0.017202,,,,,drive_q1_per_iter_vs_sample_once_results.json,
drive,drive_q1_per_iter_vs_sample_once_results,,(unparsed),,,,,,16.0,,5,0.588986,0.004029,,,,,drive_q1_per_iter_vs_sample_once_results.json,
drive,drive_q1_per_iter_vs_sample_once_results,,(unparsed),,,,,,16.0,,5,0.595936,0.013405,,,,,drive_q1_per_iter_vs_sample_once_results.json,
drive,drive_q1_per_iter_vs_sample_once_results,,(unparsed),,,,,,,,5,0.675797,0.007148,,,,,drive_q1_per_iter_vs_sample_once_results.json,
drive,drive_rand_waterfill_results,,(unparsed),,,,,,2.0,,3,0.596949,,,,,,drive_rand_waterfill_results.json,sig_mean=18.410980860392254
drive,drive_rand_waterfill_results,,(unparsed),,,,,,5.0,,3,0.614299,,,,,,drive_rand_waterfill_results.json,sig_mean=7.768202463785808
drive,drive_rand_waterfill_results,,(unparsed),,,,,,2.0,,3,0.593136,,,,,,drive_rand_waterfill_results.json,sig_mean=18.022645950317383
drive,drive_rand_waterfill_results,,(unparsed),,,,,,5.0,,3,0.615386,,,,,,drive_rand_waterfill_results.json,sig_mean=7.60435152053833
drive,drive_rand_waterfill_results,,(unparsed),,,,,,0.25,,3,0.590295,,,,,,drive_rand_waterfill_results.json,sig_mean=18.123018264770508
drive,drive_rand_waterfill_results,,(unparsed),,,,,,0.25,,3,0.618914,,,,,,drive_rand_waterfill_results.json,sig_mean=7.646702289581299
drive,drive_rand_waterfill_results,,(unparsed),,,,,,0.5,,3,0.595153,,,,,,drive_rand_waterfill_results.json,sig_mean=18.433432896931965
drive,drive_rand_waterfill_results,,(unparsed),,,,,,0.5,,3,0.608658,,,,,,drive_rand_waterfill_results.json,sig_mean=7.777675628662109
drive,drive_rand_waterfill_results,,(unparsed),,,,,,1.0,,3,0.590873,,,,,,drive_rand_waterfill_results.json,sig_mean=19.77350425720215
drive,drive_rand_waterfill_results,,(unparsed),,,,,,1.0,,3,0.612594,,,,,,drive_rand_waterfill_results.json,sig_mean=8.343096415201822
drive,drive_rand_waterfill_results,,(unparsed),,,,,,2.0,,3,0.576881,,,,,,drive_rand_waterfill_results.json,sig_mean=26.54152552286784
drive,drive_rand_waterfill_results,,(unparsed),,,,,,2.0,,3,0.596628,,,,,,drive_rand_waterfill_results.json,sig_mean=11.198748588562012
drive,drive_reconstruction_attack_results,,(unparsed),,,,,,,,,,,,,26.729,0.7261,drive_reconstruction_attack_results.json,
drive,drive_reconstruction_attack_results,,(unparsed),,,,,,32.0,,,,,,,7.775,0.0183,drive_reconstruction_attack_results.json,
drive,drive_reconstruction_attack_results,,(unparsed),,,,,,16.0,,,,,,,7.778,0.0177,drive_reconstruction_attack_results.json,
drive,drive_reconstruction_attack_results,,(unparsed),,,,,,8.0,,,,,,,7.626,0.0154,drive_reconstruction_attack_results.json,
drive,drive_reconstruction_attack_results,,(unparsed),,,,,,2.0,,,,,,,7.605,0.0147,drive_reconstruction_attack_results.json,
drive,drive_single_teacher_pruning_results,,(unparsed),,,,,,2.0,,5,0.585642,0.019368,0.008662,,,,drive_single_teacher_pruning_results.json,"n_active=128,sigma_active=79.97732543945312"
drive,drive_single_teacher_pruning_results,,(unparsed),,,,,,2.0,,5,0.581692,0.014147,0.006327,,,,drive_single_teacher_pruning_results.json,"n_active=64,sigma_active=56.55250549316406"
drive,drive_single_teacher_pruning_results,,(unparsed),,,,,,2.0,,5,0.593383,0.019216,0.008594,,,,drive_single_teacher_pruning_results.json,"n_active=32,sigma_active=39.98866271972656"
drive,drive_single_teacher_pruning_results,,(unparsed),,,,,,2.0,,5,0.599129,0.014698,0.006573,,,,drive_single_teacher_pruning_results.json,"n_active=13,sigma_active=25.487873077392578"
drive,drive_single_teacher_pruning_results,,(unparsed),,,,,,2.0,,5,0.618036,0.015669,0.007007,,,,drive_single_teacher_pruning_results.json,"n_active=6,sigma_active=17.315601348876953"
drive,drive_single_teacher_pruning_results,,(unparsed),,,,,,2.0,,5,0.615897,0.013506,0.00604,,,,drive_single_teacher_pruning_results.json,"n_active=3,sigma_active=12.243978500366211"
drive,drive_single_teacher_pruning_results,,(unparsed),,,,,,8.0,,5,0.593712,0.025826,0.01155,,,,drive_single_teacher_pruning_results.json,"n_active=128,sigma_active=22.0911865234375"
drive,drive_single_teacher_pruning_results,,(unparsed),,,,,,8.0,,5,0.593468,0.02103,0.009405,,,,drive_single_teacher_pruning_results.json,"n_active=64,sigma_active=15.620827674865723"
drive,drive_single_teacher_pruning_results,,(unparsed),,,,,,8.0,,5,0.601969,0.014333,0.00641,,,,drive_single_teacher_pruning_results.json,"n_active=32,sigma_active=11.04559326171875"
drive,drive_single_teacher_pruning_results,,(unparsed),,,,,,8.0,,5,0.618089,0.011522,0.005153,,,,drive_single_teacher_pruning_results.json,"n_active=13,sigma_active=7.040212631225586"
drive,drive_single_teacher_pruning_results,,(unparsed),,,,,,8.0,,5,0.632598,0.004773,0.002135,,,,drive_single_teacher_pruning_results.json,"n_active=6,sigma_active=4.782882213592529"
drive,drive_single_teacher_pruning_results,,(unparsed),,,,,,8.0,,5,0.646078,0.008239,0.003685,,,,drive_single_teacher_pruning_results.json,"n_active=3,sigma_active=3.3820085525512695"
drive,drive_single_teacher_pruning_results,,(unparsed),,,,,,16.0,,5,0.595557,0.018709,0.008367,,,,drive_single_teacher_pruning_results.json,"n_active=128,sigma_active=12.216466903686523"
drive,drive_single_teacher_pruning_results,,(unparsed),,,,,,16.0,,5,0.60772,0.014512,0.00649,,,,drive_single_teacher_pruning_results.json,"n_active=64,sigma_active=8.638346672058105"
drive,drive_single_teacher_pruning_results,,(unparsed),,,,,,16.0,,5,0.610289,0.01153,0.005157,,,,drive_single_teacher_pruning_results.json,"n_active=32,sigma_active=6.108233451843262"
drive,drive_single_teacher_pruning_results,,(unparsed),,,,,,16.0,,5,0.635855,0.009833,0.004397,,,,drive_single_teacher_pruning_results.json,"n_active=13,sigma_active=3.8932502269744873"
drive,drive_single_teacher_pruning_results,,(unparsed),,,,,,16.0,,5,0.645978,0.010331,0.00462,,,,drive_single_teacher_pruning_results.json,"n_active=6,sigma_active=2.6449427604675293"
drive,drive_single_teacher_pruning_results,,(unparsed),,,,,,16.0,,5,0.662803,0.008958,0.004006,,,,drive_single_teacher_pruning_results.json,"n_active=3,sigma_active=1.8702569007873535"
isic,isic_preview_results,,K=1 uniform,,,,,,1.0,,3,0.673039,,0.006127,,,,isic_preview_results.json,
isic,isic_preview_results,,K=1 uniform,,,,,,2.0,,3,0.681961,,0.012294,,,,isic_preview_results.json,
isic,isic_preview_results,,K=1 uniform,,,,,,3.0,,3,0.695035,,0.00392,,,,isic_preview_results.json,
isic,isic_preview_results,,K=1 uniform,,,,,,4.0,,3,0.692646,,0.006999,,,,isic_preview_results.json,
isic,isic_preview_results,,K=1 uniform,,,,,,5.0,,3,0.694982,,0.005254,,,,isic_preview_results.json,
isic,isic_preview_results,,PATE K=10,,,,,,1.0,,3,0.719037,,0.003858,,,,isic_preview_results.json,
isic,isic_preview_results,,PATE K=10,,,,,,2.0,,3,0.734715,,0.004887,,,,isic_preview_results.json,
isic,isic_preview_results,,PATE K=10,,,,,,3.0,,3,0.74852,,0.006337,,,,isic_preview_results.json,
isic,isic_preview_results,,PATE K=10,,,,,,4.0,,3,0.756561,,0.001782,,,,isic_preview_results.json,
isic,isic_preview_results,,PATE K=10,,,,,,5.0,,3,0.774513,,0.004658,,,,isic_preview_results.json,
isic,isic_preview_results,,Joint K=10 keep2%,,,,,,1.0,0.02,3,0.782499,,0.00623,,,,isic_preview_results.json,
isic,isic_preview_results,,Joint K=10 keep2%,,,,,,2.0,0.02,3,0.778163,,0.007141,,,,isic_preview_results.json,
isic,isic_preview_results,,Joint K=10 keep2%,,,,,,3.0,0.02,3,0.779937,,0.000966,,,,isic_preview_results.json,
isic,isic_preview_results,,Joint K=10 keep2%,,,,,,4.0,0.02,3,0.780112,,0.00597,,,,isic_preview_results.json,
isic,isic_preview_results,,Joint K=10 keep2%,,,,,,5.0,0.02,3,0.782275,,0.005407,,,,isic_preview_results.json,
isic,isic_preview_results,,(unparsed),,,,,,,,3,0.775083,,,,,,isic_preview_results.json,
isic,isic_preview_results,,(unparsed),,,,,,,,3,0.776461,,,,,,isic_preview_results.json,
drive,GKD_V1_channel_WF_eps16_summary,,(unparsed),,,,,,16.0,,1,0.88738,,,,,,GKD_V1_channel_WF_eps16_summary.json,"noise_type=channel_WF,K=1,lambda_gkd=0.4,max_iters=40000,best_iter=28000,student_baseline_mDice=0.8791,history=[{'iter': 4000, 'mDice': 0.885426, 'vessel_Dice': 0.790202}, {'iter': 8000, 'mDice': 0.882222, 'vessel_Dice': 0.785037}, {'iter': 12000, 'mDice': 0.885869, 'vessel_Dice': 0.792115}, {'iter': 16000, 'mDice': 0.886268, 'vessel_Dice': 0.792042}, {'iter': 20000, 'mDice': 0.884838, 'vessel_Dice': 0.789314}, {'iter': 24000, 'mDice': 0.882567, 'vessel_Dice': 0.785929}, {'iter': 28000, 'mDice': 0.88738, 'vessel_Dice': 0.794}, {'iter': 32000, 'mDice': 0.884783, 'vessel_Dice': 0.789555}, {'iter': 36000, 'mDice': 0.885565, 'vessel_Dice': 0.790732}, {'iter': 40000, 'mDice': 0.885723, 'vessel_Dice': 0.791182}],teacher_config=/data/user/home/ialam/mmseg_models/unet_teacher/unet-s5-d16_fcn_4xb4-ce-1.0-dice-3.0-40k_drive-64x64.py,student_config=/data/user/home/ialam/mmseg_models/unet_student/unet-s5-d16-small_fcn_4xb4-ce-1.0-dice-3.0-40k_drive-64x64.py,importance_csv=/data/user/home/ialam/mmsegmentation/work_dirs/UNET64_DRIVE_BOTTLENECK_CHANNEL_ANALYSIS_GRADIENT_s3405/channel_importance_scores_bottleneck_gradient.csv"
drive,GKD_V1_channel_WF_eps2_summary,,(unparsed),,,,,,2.0,,1,0.888151,,,,,,GKD_V1_channel_WF_eps2_summary.json,"noise_type=channel_WF,K=1,lambda_gkd=0.4,max_iters=40000,best_iter=4000,student_baseline_mDice=0.8791,history=[{'iter': 4000, 'mDice': 0.888151, 'vessel_Dice': 0.795394}, {'iter': 8000, 'mDice': 0.882866, 'vessel_Dice': 0.787146}, {'iter': 12000, 'mDice': 0.886206, 'vessel_Dice': 0.792668}, {'iter': 16000, 'mDice': 0.887587, 'vessel_Dice': 0.794501}, {'iter': 20000, 'mDice': 0.882681, 'vessel_Dice': 0.785349}, {'iter': 24000, 'mDice': 0.871086, 'vessel_Dice': 0.765631}, {'iter': 28000, 'mDice': 0.886728, 'vessel_Dice': 0.79263}, {'iter': 32000, 'mDice': 0.884041, 'vessel_Dice': 0.788409}, {'iter': 36000, 'mDice': 0.887602, 'vessel_Dice': 0.794678}, {'iter': 40000, 'mDice': 0.887223, 'vessel_Dice': 0.793991}],teacher_config=/data/user/home/ialam/mmseg_models/unet_teacher/unet-s5-d16_fcn_4xb4-ce-1.0-dice-3.0-40k_drive-64x64.py,student_config=/data/user/home/ialam/mmseg_models/unet_student/unet-s5-d16-small_fcn_4xb4-ce-1.0-dice-3.0-40k_drive-64x64.py,importance_csv=/data/user/home/ialam/mmsegmentation/work_dirs/UNET64_DRIVE_BOTTLENECK_CHANNEL_ANALYSIS_GRADIENT_s3405/channel_importance_scores_bottleneck_gradient.csv"
drive,GKD_V1_channel_WF_eps4_summary,,(unparsed),,,,,,4.0,,1,0.888059,,,,,,GKD_V1_channel_WF_eps4_summary.json,"noise_type=channel_WF,K=1,lambda_gkd=0.4,max_iters=40000,best_iter=36000,student_baseline_mDice=0.8791,history=[{'iter': 4000, 'mDice': 0.882121, 'vessel_Dice': 0.785016}, {'iter': 8000, 'mDice': 0.876609, 'vessel_Dice': 0.774882}, {'iter': 12000, 'mDice': 0.882132, 'vessel_Dice': 0.785774}, {'iter': 16000, 'mDice': 0.884135, 'vessel_Dice': 0.788229}, {'iter': 20000, 'mDice': 0.883662, 'vessel_Dice': 0.787069}, {'iter': 24000, 'mDice': 0.882209, 'vessel_Dice': 0.785324}, {'iter': 28000, 'mDice': 0.885867, 'vessel_Dice': 0.791215}, {'iter': 32000, 'mDice': 0.88461, 'vessel_Dice': 0.789216}, {'iter': 36000, 'mDice': 0.888059, 'vessel_Dice': 0.795424}, {'iter': 40000, 'mDice': 0.886748, 'vessel_Dice': 0.793}],teacher_config=/data/user/home/ialam/mmseg_models/unet_teacher/unet-s5-d16_fcn_4xb4-ce-1.0-dice-3.0-40k_drive-64x64.py,student_config=/data/user/home/ialam/mmseg_models/unet_student/unet-s5-d16-small_fcn_4xb4-ce-1.0-dice-3.0-40k_drive-64x64.py,importance_csv=/data/user/home/ialam/mmsegmentation/work_dirs/UNET64_DRIVE_BOTTLENECK_CHANNEL_ANALYSIS_GRADIENT_s3405/channel_importance_scores_bottleneck_gradient.csv"
drive,GKD_V1_channel_WF_eps8_summary,,(unparsed),,,,,,8.0,,1,0.888202,,,,,,GKD_V1_channel_WF_eps8_summary.json,"noise_type=channel_WF,K=1,lambda_gkd=0.4,max_iters=40000,best_iter=28000,student_baseline_mDice=0.8791,history=[{'iter': 4000, 'mDice': 0.867808, 'vessel_Dice': 0.7596}, {'iter': 8000, 'mDice': 0.885626, 'vessel_Dice': 0.79156}, {'iter': 12000, 'mDice': 0.880052, 'vessel_Dice': 0.781926}, {'iter': 16000, 'mDice': 0.887556, 'vessel_Dice': 0.794307}, {'iter': 20000, 'mDice': 0.884657, 'vessel_Dice': 0.789053}, {'iter': 24000, 'mDice': 0.88109, 'vessel_Dice': 0.782903}, {'iter': 28000, 'mDice': 0.888202, 'vessel_Dice': 0.795624}, {'iter': 32000, 'mDice': 0.864664, 'vessel_Dice': 0.753456}, {'iter': 36000, 'mDice': 0.886275, 'vessel_Dice': 0.792186}, {'iter': 40000, 'mDice': 0.886884, 'vessel_Dice': 0.793239}],teacher_config=/data/user/home/ialam/mmseg_models/unet_teacher/unet-s5-d16_fcn_4xb4-ce-1.0-dice-3.0-40k_drive-64x64.py,student_config=/data/user/home/ialam/mmseg_models/unet_student/unet-s5-d16-small_fcn_4xb4-ce-1.0-dice-3.0-40k_drive-64x64.py,importance_csv=/data/user/home/ialam/mmsegmentation/work_dirs/UNET64_DRIVE_BOTTLENECK_CHANNEL_ANALYSIS_GRADIENT_s3405/channel_importance_scores_bottleneck_gradient.csv"
drive,GKD_V1_uniform_eps16_summary,,(unparsed),,,,,,16.0,,1,0.890809,,,,,,GKD_V1_uniform_eps16_summary.json,"noise_type=uniform,K=1,lambda_gkd=0.4,max_iters=40000,best_iter=16000,student_baseline_mDice=0.8791,history=[{'iter': 4000, 'mDice': 0.884956, 'vessel_Dice': 0.789836}, {'iter': 8000, 'mDice': 0.876415, 'vessel_Dice': 0.774791}, {'iter': 12000, 'mDice': 0.885486, 'vessel_Dice': 0.791837}, {'iter': 16000, 'mDice': 0.890809, 'vessel_Dice': 0.800647}, {'iter': 20000, 'mDice': 0.884837, 'vessel_Dice': 0.789755}, {'iter': 24000, 'mDice': 0.880002, 'vessel_Dice': 0.781399}, {'iter': 28000, 'mDice': 0.885992, 'vessel_Dice': 0.791369}, {'iter': 32000, 'mDice': 0.885726, 'vessel_Dice': 0.791351}, {'iter': 36000, 'mDice': 0.886672, 'vessel_Dice': 0.793143}, {'iter': 40000, 'mDice': 0.88671, 'vessel_Dice': 0.793406}],teacher_config=/data/user/home/ialam/mmseg_models/unet_teacher/unet-s5-d16_fcn_4xb4-ce-1.0-dice-3.0-40k_drive-64x64.py,student_config=/data/user/home/ialam/mmseg_models/unet_student/unet-s5-d16-small_fcn_4xb4-ce-1.0-dice-3.0-40k_drive-64x64.py,importance_csv=/data/user/home/ialam/mmsegmentation/work_dirs/UNET64_DRIVE_BOTTLENECK_CHANNEL_ANALYSIS_GRADIENT_s3405/channel_importance_scores_bottleneck_gradient.csv"
drive,GKD_V1_uniform_eps2_summary,,(unparsed),,,,,,2.0,,1,0.889954,,,,,,GKD_V1_uniform_eps2_summary.json,"noise_type=uniform,K=1,lambda_gkd=0.4,max_iters=40000,best_iter=16000,student_baseline_mDice=0.8791,history=[{'iter': 4000, 'mDice': 0.871026, 'vessel_Dice': 0.764727}, {'iter': 8000, 'mDice': 0.869525, 'vessel_Dice': 0.762256}, {'iter': 12000, 'mDice': 0.885962, 'vessel_Dice': 0.792637}, {'iter': 16000, 'mDice': 0.889954, 'vessel_Dice': 0.798651}, {'iter': 20000, 'mDice': 0.864057, 'vessel_Dice': 0.751977}, {'iter': 24000, 'mDice': 0.880915, 'vessel_Dice': 0.782804}, {'iter': 28000, 'mDice': 0.884952, 'vessel_Dice': 0.789742}, {'iter': 32000, 'mDice': 0.884961, 'vessel_Dice': 0.790185}, {'iter': 36000, 'mDice': 0.885866, 'vessel_Dice': 0.791523}, {'iter': 40000, 'mDice': 0.885463, 'vessel_Dice': 0.790814}],teacher_config=/data/user/home/ialam/mmseg_models/unet_teacher/unet-s5-d16_fcn_4xb4-ce-1.0-dice-3.0-40k_drive-64x64.py,student_config=/data/user/home/ialam/mmseg_models/unet_student/unet-s5-d16-small_fcn_4xb4-ce-1.0-dice-3.0-40k_drive-64x64.py,importance_csv=/data/user/home/ialam/mmsegmentation/work_dirs/UNET64_DRIVE_BOTTLENECK_CHANNEL_ANALYSIS_GRADIENT_s3405/channel_importance_scores_bottleneck_gradient.csv"
drive,GKD_V1_uniform_eps4_summary,,(unparsed),,,,,,4.0,,1,0.886855,,,,,,GKD_V1_uniform_eps4_summary.json,"noise_type=uniform,K=1,lambda_gkd=0.4,max_iters=40000,best_iter=40000,student_baseline_mDice=0.8791,history=[{'iter': 4000, 'mDice': 0.873717, 'vessel_Dice': 0.769407}, {'iter': 8000, 'mDice': 0.869678, 'vessel_Dice': 0.762634}, {'iter': 12000, 'mDice': 0.886618, 'vessel_Dice': 0.793649}, {'iter': 16000, 'mDice': 0.885815, 'vessel_Dice': 0.791269}, {'iter': 20000, 'mDice': 0.884235, 'vessel_Dice': 0.788675}, {'iter': 24000, 'mDice': 0.882195, 'vessel_Dice': 0.785331}, {'iter': 28000, 'mDice': 0.886075, 'vessel_Dice': 0.791651}, {'iter': 32000, 'mDice': 0.886347, 'vessel_Dice': 0.792094}, {'iter': 36000, 'mDice': 0.886735, 'vessel_Dice': 0.792882}, {'iter': 40000, 'mDice': 0.886855, 'vessel_Dice': 0.793328}],teacher_config=/data/user/home/ialam/mmseg_models/unet_teacher/unet-s5-d16_fcn_4xb4-ce-1.0-dice-3.0-40k_drive-64x64.py,student_config=/data/user/home/ialam/mmseg_models/unet_student/unet-s5-d16-small_fcn_4xb4-ce-1.0-dice-3.0-40k_drive-64x64.py,importance_csv=/data/user/home/ialam/mmsegmentation/work_dirs/UNET64_DRIVE_BOTTLENECK_CHANNEL_ANALYSIS_GRADIENT_s3405/channel_importance_scores_bottleneck_gradient.csv"
drive,GKD_V1_uniform_eps8_summary,,(unparsed),,,,,,8.0,,1,0.88922,,,,,,GKD_V1_uniform_eps8_summary.json,"noise_type=uniform,K=1,lambda_gkd=0.4,max_iters=40000,best_iter=4000,student_baseline_mDice=0.8791,history=[{'iter': 4000, 'mDice': 0.88922, 'vessel_Dice': 0.797953}, {'iter': 8000, 'mDice': 0.866068, 'vessel_Dice': 0.756966}, {'iter': 12000, 'mDice': 0.884295, 'vessel_Dice': 0.78934}, {'iter': 16000, 'mDice': 0.88904, 'vessel_Dice': 0.797333}, {'iter': 20000, 'mDice': 0.880832, 'vessel_Dice': 0.78184}, {'iter': 24000, 'mDice': 0.881528, 'vessel_Dice': 0.783882}, {'iter': 28000, 'mDice': 0.88627, 'vessel_Dice': 0.79193}, {'iter': 32000, 'mDice': 0.88549, 'vessel_Dice': 0.790346}, {'iter': 36000, 'mDice': 0.887166, 'vessel_Dice': 0.793852}, {'iter': 40000, 'mDice': 0.88655, 'vessel_Dice': 0.792774}],teacher_config=/data/user/home/ialam/mmseg_models/unet_teacher/unet-s5-d16_fcn_4xb4-ce-1.0-dice-3.0-40k_drive-64x64.py,student_config=/data/user/home/ialam/mmseg_models/unet_student/unet-s5-d16-small_fcn_4xb4-ce-1.0-dice-3.0-40k_drive-64x64.py,importance_csv=/data/user/home/ialam/mmsegmentation/work_dirs/UNET64_DRIVE_BOTTLENECK_CHANNEL_ANALYSIS_GRADIENT_s3405/channel_importance_scores_bottleneck_gradient.csv"
drive,GKD_V2_channel_WF_eps16_seed0_summary,,(unparsed),,,,,,16.0,,1,0.891408,,,,,,GKD_V2_channel_WF_eps16_seed0_summary.json,"version=v2_direct_feature_matching,noise_type=channel_WF,seed=0,K=1,lambda_feat=0.4,max_iters=40000,best_iter=32000,student_baseline_mDice=0.8791,lift_over_baseline=0.012308,adapter_channels=512→1024,history=[{'iter': 4000, 'mDice': 0.883373, 'vessel_Dice': 0.787155}, {'iter': 8000, 'mDice': 0.890937, 'vessel_Dice': 0.800661}, {'iter': 12000, 'mDice': 0.886601, 'vessel_Dice': 0.792452}, {'iter': 16000, 'mDice': 0.886743, 'vessel_Dice': 0.793803}, {'iter': 20000, 'mDice': 0.888313, 'vessel_Dice': 0.796067}, {'iter': 24000, 'mDice': 0.879793, 'vessel_Dice': 0.779833}, {'iter': 28000, 'mDice': 0.888441, 'vessel_Dice': 0.795977}, {'iter': 32000, 'mDice': 0.891408, 'vessel_Dice': 0.801404}, {'iter': 36000, 'mDice': 0.881917, 'vessel_Dice': 0.784034}, {'iter': 40000, 'mDice': 0.885368, 'vessel_Dice': 0.790156}]"
drive,GKD_V2_channel_WF_eps16_seed1_summary,,(unparsed),,,,,,16.0,,1,0.886975,,,,,,GKD_V2_channel_WF_eps16_seed1_summary.json,"version=v2_direct_feature_matching,noise_type=channel_WF,seed=1,K=1,lambda_feat=0.4,max_iters=40000,best_iter=40000,student_baseline_mDice=0.8791,lift_over_baseline=0.007875,adapter_channels=512→1024,history=[{'iter': 4000, 'mDice': 0.880807, 'vessel_Dice': 0.782005}, {'iter': 8000, 'mDice': 0.884337, 'vessel_Dice': 0.788266}, {'iter': 12000, 'mDice': 0.884454, 'vessel_Dice': 0.789142}, {'iter': 16000, 'mDice': 0.886413, 'vessel_Dice': 0.792377}, {'iter': 20000, 'mDice': 0.881743, 'vessel_Dice': 0.783209}, {'iter': 24000, 'mDice': 0.872312, 'vessel_Dice': 0.767556}, {'iter': 28000, 'mDice': 0.886388, 'vessel_Dice': 0.791914}, {'iter': 32000, 'mDice': 0.884461, 'vessel_Dice': 0.78884}, {'iter': 36000, 'mDice': 0.881715, 'vessel_Dice': 0.783186}, {'iter': 40000, 'mDice': 0.886975, 'vessel_Dice': 0.79341}]"
drive,GKD_V2_channel_WF_eps16_seed2_summary,,(unparsed),,,,,,16.0,,1,0.889119,,,,,,GKD_V2_channel_WF_eps16_seed2_summary.json,"version=v2_direct_feature_matching,noise_type=channel_WF,seed=2,K=1,lambda_feat=0.4,max_iters=40000,best_iter=16000,student_baseline_mDice=0.8791,lift_over_baseline=0.010019,adapter_channels=512→1024,history=[{'iter': 4000, 'mDice': 0.879573, 'vessel_Dice': 0.780491}, {'iter': 8000, 'mDice': 0.885537, 'vessel_Dice': 0.79067}, {'iter': 12000, 'mDice': 0.885408, 'vessel_Dice': 0.790946}, {'iter': 16000, 'mDice': 0.889119, 'vessel_Dice': 0.797571}, {'iter': 20000, 'mDice': 0.879545, 'vessel_Dice': 0.779886}, {'iter': 24000, 'mDice': 0.887263, 'vessel_Dice': 0.794213}, {'iter': 28000, 'mDice': 0.884503, 'vessel_Dice': 0.788906}, {'iter': 32000, 'mDice': 0.886094, 'vessel_Dice': 0.791822}, {'iter': 36000, 'mDice': 0.887152, 'vessel_Dice': 0.793713}, {'iter': 40000, 'mDice': 0.885128, 'vessel_Dice': 0.790201}]"
drive,GKD_V2_channel_WF_eps2_seed0_summary,,(unparsed),,,,,,2.0,,1,0.891946,,,,,,GKD_V2_channel_WF_eps2_seed0_summary.json,"version=v2_direct_feature_matching,noise_type=channel_WF,seed=0,K=1,lambda_feat=0.4,max_iters=40000,best_iter=28000,student_baseline_mDice=0.8791,lift_over_baseline=0.012846,adapter_channels=512→1024,history=[{'iter': 4000, 'mDice': 0.873226, 'vessel_Dice': 0.769094}, {'iter': 8000, 'mDice': 0.885804, 'vessel_Dice': 0.791203}, {'iter': 12000, 'mDice': 0.888682, 'vessel_Dice': 0.79659}, {'iter': 16000, 'mDice': 0.886677, 'vessel_Dice': 0.79291}, {'iter': 20000, 'mDice': 0.885269, 'vessel_Dice': 0.790546}, {'iter': 24000, 'mDice': 0.884831, 'vessel_Dice': 0.78933}, {'iter': 28000, 'mDice': 0.891946, 'vessel_Dice': 0.802629}, {'iter': 32000, 'mDice': 0.891818, 'vessel_Dice': 0.802298}, {'iter': 36000, 'mDice': 0.888597, 'vessel_Dice': 0.796495}, {'iter': 40000, 'mDice': 0.888779, 'vessel_Dice': 0.796394}]"
drive,GKD_V2_channel_WF_eps2_seed1_summary,,(unparsed),,,,,,2.0,,1,0.888572,,,,,,GKD_V2_channel_WF_eps2_seed1_summary.json,"version=v2_direct_feature_matching,noise_type=channel_WF,seed=1,K=1,lambda_feat=0.4,max_iters=40000,best_iter=40000,student_baseline_mDice=0.8791,lift_over_baseline=0.009472,adapter_channels=512→1024,history=[{'iter': 4000, 'mDice': 0.875987, 'vessel_Dice': 0.773149}, {'iter': 8000, 'mDice': 0.877783, 'vessel_Dice': 0.775989}, {'iter': 12000, 'mDice': 0.883774, 'vessel_Dice': 0.787092}, {'iter': 16000, 'mDice': 0.885261, 'vessel_Dice': 0.789953}, {'iter': 20000, 'mDice': 0.886546, 'vessel_Dice': 0.792399}, {'iter': 24000, 'mDice': 0.887294, 'vessel_Dice': 0.794659}, {'iter': 28000, 'mDice': 0.881266, 'vessel_Dice': 0.781963}, {'iter': 32000, 'mDice': 0.887325, 'vessel_Dice': 0.794115}, {'iter': 36000, 'mDice': 0.884244, 'vessel_Dice': 0.788256}, {'iter': 40000, 'mDice': 0.888572, 'vessel_Dice': 0.79637}]"
drive,GKD_V2_channel_WF_eps2_seed2_summary,,(unparsed),,,,,,2.0,,1,0.889978,,,,,,GKD_V2_channel_WF_eps2_seed2_summary.json,"version=v2_direct_feature_matching,noise_type=channel_WF,seed=2,K=1,lambda_feat=0.4,max_iters=40000,best_iter=40000,student_baseline_mDice=0.8791,lift_over_baseline=0.010878,adapter_channels=512→1024,history=[{'iter': 4000, 'mDice': 0.864856, 'vessel_Dice': 0.751055}, {'iter': 8000, 'mDice': 0.880726, 'vessel_Dice': 0.781425}, {'iter': 12000, 'mDice': 0.88291, 'vessel_Dice': 0.785863}, {'iter': 16000, 'mDice': 0.887418, 'vessel_Dice': 0.793945}, {'iter': 20000, 'mDice': 0.887298, 'vessel_Dice': 0.794635}, {'iter': 24000, 'mDice': 0.889495, 'vessel_Dice': 0.798318}, {'iter': 28000, 'mDice': 0.884876, 'vessel_Dice': 0.789968}, {'iter': 32000, 'mDice': 0.88831, 'vessel_Dice': 0.795798}, {'iter': 36000, 'mDice': 0.887943, 'vessel_Dice': 0.795031}, {'iter': 40000, 'mDice': 0.889978, 'vessel_Dice': 0.798937}]"
drive,GKD_V2_channel_WF_eps4_seed0_summary,,(unparsed),,,,,,4.0,,1,0.890099,,,,,,GKD_V2_channel_WF_eps4_seed0_summary.json,"version=v2_direct_feature_matching,noise_type=channel_WF,seed=0,K=1,lambda_feat=0.4,max_iters=40000,best_iter=32000,student_baseline_mDice=0.8791,lift_over_baseline=0.010999,adapter_channels=512→1024,history=[{'iter': 4000, 'mDice': 0.885824, 'vessel_Dice': 0.791731}, {'iter': 8000, 'mDice': 0.888989, 'vessel_Dice': 0.797755}, {'iter': 12000, 'mDice': 0.886231, 'vessel_Dice': 0.792344}, {'iter': 16000, 'mDice': 0.888831, 'vessel_Dice': 0.797188}, {'iter': 20000, 'mDice': 0.88612, 'vessel_Dice': 0.792101}, {'iter': 24000, 'mDice': 0.880829, 'vessel_Dice': 0.781894}, {'iter': 28000, 'mDice': 0.887433, 'vessel_Dice': 0.794123}, {'iter': 32000, 'mDice': 0.890099, 'vessel_Dice': 0.799268}, {'iter': 36000, 'mDice': 0.882698, 'vessel_Dice': 0.785365}, {'iter': 40000, 'mDice': 0.885883, 'vessel_Dice': 0.791125}]"
drive,GKD_V2_channel_WF_eps4_seed1_summary,,(unparsed),,,,,,4.0,,1,0.888744,,,,,,GKD_V2_channel_WF_eps4_seed1_summary.json,"version=v2_direct_feature_matching,noise_type=channel_WF,seed=1,K=1,lambda_feat=0.4,max_iters=40000,best_iter=40000,student_baseline_mDice=0.8791,lift_over_baseline=0.009644,adapter_channels=512→1024,history=[{'iter': 4000, 'mDice': 0.878987, 'vessel_Dice': 0.779059}, {'iter': 8000, 'mDice': 0.882355, 'vessel_Dice': 0.784526}, {'iter': 12000, 'mDice': 0.885461, 'vessel_Dice': 0.79147}, {'iter': 16000, 'mDice': 0.883667, 'vessel_Dice': 0.787294}, {'iter': 20000, 'mDice': 0.883168, 'vessel_Dice': 0.786631}, {'iter': 24000, 'mDice': 0.887385, 'vessel_Dice': 0.794538}, {'iter': 28000, 'mDice': 0.882984, 'vessel_Dice': 0.785456}, {'iter': 32000, 'mDice': 0.867763, 'vessel_Dice': 0.760084}, {'iter': 36000, 'mDice': 0.884514, 'vessel_Dice': 0.788648}, {'iter': 40000, 'mDice': 0.888744, 'vessel_Dice': 0.796666}]"
drive,GKD_V2_channel_WF_eps4_seed2_summary,,(unparsed),,,,,,4.0,,1,0.891976,,,,,,GKD_V2_channel_WF_eps4_seed2_summary.json,"version=v2_direct_feature_matching,noise_type=channel_WF,seed=2,K=1,lambda_feat=0.4,max_iters=40000,best_iter=24000,student_baseline_mDice=0.8791,lift_over_baseline=0.012876,adapter_channels=512→1024,history=[{'iter': 4000, 'mDice': 0.873032, 'vessel_Dice': 0.767331}, {'iter': 8000, 'mDice': 0.886594, 'vessel_Dice': 0.792725}, {'iter': 12000, 'mDice': 0.887959, 'vessel_Dice': 0.795679}, {'iter': 16000, 'mDice': 0.883696, 'vessel_Dice': 0.787867}, {'iter': 20000, 'mDice': 0.887321, 'vessel_Dice': 0.794271}, {'iter': 24000, 'mDice': 0.891976, 'vessel_Dice': 0.802638}, {'iter': 28000, 'mDice': 0.884608, 'vessel_Dice': 0.788965}, {'iter': 32000, 'mDice': 0.88236, 'vessel_Dice': 0.784535}, {'iter': 36000, 'mDice': 0.886093, 'vessel_Dice': 0.791404}, {'iter': 40000, 'mDice': 0.885376, 'vessel_Dice': 0.790149}]"
drive,GKD_V2_channel_WF_eps8_seed0_summary,,(unparsed),,,,,,8.0,,1,0.892507,,,,,,GKD_V2_channel_WF_eps8_seed0_summary.json,"version=v2_direct_feature_matching,noise_type=channel_WF,seed=0,K=1,lambda_feat=0.4,max_iters=40000,best_iter=32000,student_baseline_mDice=0.8791,lift_over_baseline=0.013407,adapter_channels=512→1024,history=[{'iter': 4000, 'mDice': 0.884041, 'vessel_Dice': 0.788509}, {'iter': 8000, 'mDice': 0.890147, 'vessel_Dice': 0.799232}, {'iter': 12000, 'mDice': 0.886647, 'vessel_Dice': 0.793354}, {'iter': 16000, 'mDice': 0.888023, 'vessel_Dice': 0.795719}, {'iter': 20000, 'mDice': 0.878195, 'vessel_Dice': 0.777999}, {'iter': 24000, 'mDice': 0.88088, 'vessel_Dice': 0.782473}, {'iter': 28000, 'mDice': 0.890272, 'vessel_Dice': 0.799376}, {'iter': 32000, 'mDice': 0.892507, 'vessel_Dice': 0.803736}, {'iter': 36000, 'mDice': 0.884581, 'vessel_Dice': 0.789152}, {'iter': 40000, 'mDice': 0.885841, 'vessel_Dice': 0.791091}]"
drive,GKD_V2_channel_WF_eps8_seed1_summary,,(unparsed),,,,,,8.0,,1,0.887685,,,,,,GKD_V2_channel_WF_eps8_seed1_summary.json,"version=v2_direct_feature_matching,noise_type=channel_WF,seed=1,K=1,lambda_feat=0.4,max_iters=40000,best_iter=24000,student_baseline_mDice=0.8791,lift_over_baseline=0.008585,adapter_channels=512→1024,history=[{'iter': 4000, 'mDice': 0.878628, 'vessel_Dice': 0.779251}, {'iter': 8000, 'mDice': 0.883194, 'vessel_Dice': 0.786395}, {'iter': 12000, 'mDice': 0.870244, 'vessel_Dice': 0.764236}, {'iter': 16000, 'mDice': 0.831044, 'vessel_Dice': 0.696227}, {'iter': 20000, 'mDice': 0.880699, 'vessel_Dice': 0.78142}, {'iter': 24000, 'mDice': 0.887685, 'vessel_Dice': 0.795573}, {'iter': 28000, 'mDice': 0.881881, 'vessel_Dice': 0.783231}, {'iter': 32000, 'mDice': 0.8852, 'vessel_Dice': 0.790402}, {'iter': 36000, 'mDice': 0.881557, 'vessel_Dice': 0.783277}, {'iter': 40000, 'mDice': 0.885794, 'vessel_Dice': 0.791457}]"
drive,GKD_V2_channel_WF_eps8_seed2_summary,,(unparsed),,,,,,8.0,,1,0.887774,,,,,,GKD_V2_channel_WF_eps8_seed2_summary.json,"version=v2_direct_feature_matching,noise_type=channel_WF,seed=2,K=1,lambda_feat=0.4,max_iters=40000,best_iter=12000,student_baseline_mDice=0.8791,lift_over_baseline=0.008674,adapter_channels=512→1024,history=[{'iter': 4000, 'mDice': 0.871562, 'vessel_Dice': 0.765997}, {'iter': 8000, 'mDice': 0.882998, 'vessel_Dice': 0.78601}, {'iter': 12000, 'mDice': 0.887774, 'vessel_Dice': 0.794972}, {'iter': 16000, 'mDice': 0.88587, 'vessel_Dice': 0.791446}, {'iter': 20000, 'mDice': 0.886296, 'vessel_Dice': 0.792258}, {'iter': 24000, 'mDice': 0.887588, 'vessel_Dice': 0.794447}, {'iter': 28000, 'mDice': 0.87951, 'vessel_Dice': 0.779932}, {'iter': 32000, 'mDice': 0.883942, 'vessel_Dice': 0.787657}, {'iter': 36000, 'mDice': 0.884109, 'vessel_Dice': 0.788065}, {'iter': 40000, 'mDice': 0.885108, 'vessel_Dice': 0.78993}]"
drive,GKD_V2_uniform_eps16_seed0_summary,,(unparsed),,,,,,16.0,,1,0.892022,,,,,,GKD_V2_uniform_eps16_seed0_summary.json,"version=v2_direct_feature_matching,noise_type=uniform,seed=0,K=1,lambda_feat=0.4,max_iters=40000,best_iter=32000,student_baseline_mDice=0.8791,lift_over_baseline=0.012922,adapter_channels=512→1024,history=[{'iter': 4000, 'mDice': 0.874363, 'vessel_Dice': 0.771795}, {'iter': 8000, 'mDice': 0.890031, 'vessel_Dice': 0.799162}, {'iter': 12000, 'mDice': 0.877424, 'vessel_Dice': 0.775322}, {'iter': 16000, 'mDice': 0.887997, 'vessel_Dice': 0.79575}, {'iter': 20000, 'mDice': 0.88449, 'vessel_Dice': 0.789}, {'iter': 24000, 'mDice': 0.883086, 'vessel_Dice': 0.786077}, {'iter': 28000, 'mDice': 0.889139, 'vessel_Dice': 0.797101}, {'iter': 32000, 'mDice': 0.892022, 'vessel_Dice': 0.802535}, {'iter': 36000, 'mDice': 0.885071, 'vessel_Dice': 0.790048}, {'iter': 40000, 'mDice': 0.887015, 'vessel_Dice': 0.793287}]"
drive,GKD_V2_uniform_eps16_seed1_summary,,(unparsed),,,,,,16.0,,1,0.887727,,,,,,GKD_V2_uniform_eps16_seed1_summary.json,"version=v2_direct_feature_matching,noise_type=uniform,seed=1,K=1,lambda_feat=0.4,max_iters=40000,best_iter=32000,student_baseline_mDice=0.8791,lift_over_baseline=0.008627,adapter_channels=512→1024,history=[{'iter': 4000, 'mDice': 0.882914, 'vessel_Dice': 0.786551}, {'iter': 8000, 'mDice': 0.883749, 'vessel_Dice': 0.787143}, {'iter': 12000, 'mDice': 0.883493, 'vessel_Dice': 0.787351}, {'iter': 16000, 'mDice': 0.880528, 'vessel_Dice': 0.780979}, {'iter': 20000, 'mDice': 0.868597, 'vessel_Dice': 0.760416}, {'iter': 24000, 'mDice': 0.886149, 'vessel_Dice': 0.792294}, {'iter': 28000, 'mDice': 0.877957, 'vessel_Dice': 0.775293}, {'iter': 32000, 'mDice': 0.887727, 'vessel_Dice': 0.794963}, {'iter': 36000, 'mDice': 0.883961, 'vessel_Dice': 0.787522}, {'iter': 40000, 'mDice': 0.887022, 'vessel_Dice': 0.793413}]"
drive,GKD_V2_uniform_eps16_seed2_summary,,(unparsed),,,,,,16.0,,1,0.889466,,,,,,GKD_V2_uniform_eps16_seed2_summary.json,"version=v2_direct_feature_matching,noise_type=uniform,seed=2,K=1,lambda_feat=0.4,max_iters=40000,best_iter=24000,student_baseline_mDice=0.8791,lift_over_baseline=0.010366,adapter_channels=512→1024,history=[{'iter': 4000, 'mDice': 0.859074, 'vessel_Dice': 0.743421}, {'iter': 8000, 'mDice': 0.874979, 'vessel_Dice': 0.771377}, {'iter': 12000, 'mDice': 0.887769, 'vessel_Dice': 0.794984}, {'iter': 16000, 'mDice': 0.888108, 'vessel_Dice': 0.795695}, {'iter': 20000, 'mDice': 0.870342, 'vessel_Dice': 0.763495}, {'iter': 24000, 'mDice': 0.889466, 'vessel_Dice': 0.797875}, {'iter': 28000, 'mDice': 0.882637, 'vessel_Dice': 0.785527}, {'iter': 32000, 'mDice': 0.887265, 'vessel_Dice': 0.794107}, {'iter': 36000, 'mDice': 0.886432, 'vessel_Dice': 0.792504}, {'iter': 40000, 'mDice': 0.886042, 'vessel_Dice': 0.79173}]"
drive,GKD_V2_uniform_eps2_seed0_summary,,(unparsed),,,,,,2.0,,1,0.892202,,,,,,GKD_V2_uniform_eps2_seed0_summary.json,"version=v2_direct_feature_matching,noise_type=uniform,seed=0,K=1,lambda_feat=0.4,max_iters=40000,best_iter=28000,student_baseline_mDice=0.8791,lift_over_baseline=0.013102,adapter_channels=512→1024,history=[{'iter': 4000, 'mDice': 0.869655, 'vessel_Dice': 0.761061}, {'iter': 8000, 'mDice': 0.883771, 'vessel_Dice': 0.786966}, {'iter': 12000, 'mDice': 0.882202, 'vessel_Dice': 0.784909}, {'iter': 16000, 'mDice': 0.886496, 'vessel_Dice': 0.79283}, {'iter': 20000, 'mDice': 0.885378, 'vessel_Dice': 0.790639}, {'iter': 24000, 'mDice': 0.885016, 'vessel_Dice': 0.789764}, {'iter': 28000, 'mDice': 0.892202, 'vessel_Dice': 0.802772}, {'iter': 32000, 'mDice': 0.891528, 'vessel_Dice': 0.801963}, {'iter': 36000, 'mDice': 0.887682, 'vessel_Dice': 0.794661}, {'iter': 40000, 'mDice': 0.88871, 'vessel_Dice': 0.796269}]"
drive,GKD_V2_uniform_eps2_seed1_summary,,(unparsed),,,,,,2.0,,1,0.886742,,,,,,GKD_V2_uniform_eps2_seed1_summary.json,"version=v2_direct_feature_matching,noise_type=uniform,seed=1,K=1,lambda_feat=0.4,max_iters=40000,best_iter=24000,student_baseline_mDice=0.8791,lift_over_baseline=0.007642,adapter_channels=512→1024,history=[{'iter': 4000, 'mDice': 0.877077, 'vessel_Dice': 0.775266}, {'iter': 8000, 'mDice': 0.879961, 'vessel_Dice': 0.779498}, {'iter': 12000, 'mDice': 0.879237, 'vessel_Dice': 0.778764}, {'iter': 16000, 'mDice': 0.881717, 'vessel_Dice': 0.783027}, {'iter': 20000, 'mDice': 0.881688, 'vessel_Dice': 0.783211}, {'iter': 24000, 'mDice': 0.886742, 'vessel_Dice': 0.792994}, {'iter': 28000, 'mDice': 0.880299, 'vessel_Dice': 0.780144}, {'iter': 32000, 'mDice': 0.883116, 'vessel_Dice': 0.785923}, {'iter': 36000, 'mDice': 0.881382, 'vessel_Dice': 0.782712}, {'iter': 40000, 'mDice': 0.885168, 'vessel_Dice': 0.789724}]"
drive,GKD_V2_uniform_eps2_seed2_summary,,(unparsed),,,,,,2.0,,1,0.888532,,,,,,GKD_V2_uniform_eps2_seed2_summary.json,"version=v2_direct_feature_matching,noise_type=uniform,seed=2,K=1,lambda_feat=0.4,max_iters=40000,best_iter=12000,student_baseline_mDice=0.8791,lift_over_baseline=0.009432,adapter_channels=512→1024,history=[{'iter': 4000, 'mDice': 0.872036, 'vessel_Dice': 0.765299}, {'iter': 8000, 'mDice': 0.880542, 'vessel_Dice': 0.781616}, {'iter': 12000, 'mDice': 0.888532, 'vessel_Dice': 0.796352}, {'iter': 16000, 'mDice': 0.886247, 'vessel_Dice': 0.792334}, {'iter': 20000, 'mDice': 0.882357, 'vessel_Dice': 0.785535}, {'iter': 24000, 'mDice': 0.888032, 'vessel_Dice': 0.795148}, {'iter': 28000, 'mDice': 0.884518, 'vessel_Dice': 0.789206}, {'iter': 32000, 'mDice': 0.887731, 'vessel_Dice': 0.794413}, {'iter': 36000, 'mDice': 0.886591, 'vessel_Dice': 0.79299}, {'iter': 40000, 'mDice': 0.888247, 'vessel_Dice': 0.795851}]"
drive,GKD_V2_uniform_eps4_seed0_summary,,(unparsed),,,,,,4.0,,1,0.891092,,,,,,GKD_V2_uniform_eps4_seed0_summary.json,"version=v2_direct_feature_matching,noise_type=uniform,seed=0,K=1,lambda_feat=0.4,max_iters=40000,best_iter=32000,student_baseline_mDice=0.8791,lift_over_baseline=0.011992,adapter_channels=512→1024,history=[{'iter': 4000, 'mDice': 0.887646, 'vessel_Dice': 0.794625}, {'iter': 8000, 'mDice': 0.889232, 'vessel_Dice': 0.797783}, {'iter': 12000, 'mDice': 0.888419, 'vessel_Dice': 0.795924}, {'iter': 16000, 'mDice': 0.888061, 'vessel_Dice': 0.79594}, {'iter': 20000, 'mDice': 0.883371, 'vessel_Dice': 0.787055}, {'iter': 24000, 'mDice': 0.880673, 'vessel_Dice': 0.781555}, {'iter': 28000, 'mDice': 0.889638, 'vessel_Dice': 0.79833}, {'iter': 32000, 'mDice': 0.891092, 'vessel_Dice': 0.80097}, {'iter': 36000, 'mDice': 0.882971, 'vessel_Dice': 0.786157}, {'iter': 40000, 'mDice': 0.886426, 'vessel_Dice': 0.792288}]"
drive,GKD_V2_uniform_eps4_seed1_summary,,(unparsed),,,,,,4.0,,1,0.888928,,,,,,GKD_V2_uniform_eps4_seed1_summary.json,"version=v2_direct_feature_matching,noise_type=uniform,seed=1,K=1,lambda_feat=0.4,max_iters=40000,best_iter=16000,student_baseline_mDice=0.8791,lift_over_baseline=0.009828,adapter_channels=512→1024,history=[{'iter': 4000, 'mDice': 0.881872, 'vessel_Dice': 0.78462}, {'iter': 8000, 'mDice': 0.882544, 'vessel_Dice': 0.785275}, {'iter': 12000, 'mDice': 0.88352, 'vessel_Dice': 0.787578}, {'iter': 16000, 'mDice': 0.888928, 'vessel_Dice': 0.796945}, {'iter': 20000, 'mDice': 0.88228, 'vessel_Dice': 0.784589}, {'iter': 24000, 'mDice': 0.887837, 'vessel_Dice': 0.795123}, {'iter': 28000, 'mDice': 0.880428, 'vessel_Dice': 0.780342}, {'iter': 32000, 'mDice': 0.879772, 'vessel_Dice': 0.780442}, {'iter': 36000, 'mDice': 0.882247, 'vessel_Dice': 0.784242}, {'iter': 40000, 'mDice': 0.885782, 'vessel_Dice': 0.791067}]"
drive,GKD_V2_uniform_eps4_seed2_summary,,(unparsed),,,,,,4.0,,1,0.889553,,,,,,GKD_V2_uniform_eps4_seed2_summary.json,"version=v2_direct_feature_matching,noise_type=uniform,seed=2,K=1,lambda_feat=0.4,max_iters=40000,best_iter=24000,student_baseline_mDice=0.8791,lift_over_baseline=0.010453,adapter_channels=512→1024,history=[{'iter': 4000, 'mDice': 0.864622, 'vessel_Dice': 0.752806}, {'iter': 8000, 'mDice': 0.877302, 'vessel_Dice': 0.775568}, {'iter': 12000, 'mDice': 0.883942, 'vessel_Dice': 0.787742}, {'iter': 16000, 'mDice': 0.887034, 'vessel_Dice': 0.793589}, {'iter': 20000, 'mDice': 0.886479, 'vessel_Dice': 0.792849}, {'iter': 24000, 'mDice': 0.889553, 'vessel_Dice': 0.797905}, {'iter': 28000, 'mDice': 0.884436, 'vessel_Dice': 0.789311}, {'iter': 32000, 'mDice': 0.882744, 'vessel_Dice': 0.78549}, {'iter': 36000, 'mDice': 0.883862, 'vessel_Dice': 0.787218}, {'iter': 40000, 'mDice': 0.884047, 'vessel_Dice': 0.787881}]"
drive,GKD_V2_uniform_eps8_seed0_summary,,(unparsed),,,,,,8.0,,1,0.889859,,,,,,GKD_V2_uniform_eps8_seed0_summary.json,"version=v2_direct_feature_matching,noise_type=uniform,seed=0,K=1,lambda_feat=0.4,max_iters=40000,best_iter=12000,student_baseline_mDice=0.8791,lift_over_baseline=0.010759,adapter_channels=512→1024,history=[{'iter': 4000, 'mDice': 0.883914, 'vessel_Dice': 0.787948}, {'iter': 8000, 'mDice': 0.889386, 'vessel_Dice': 0.797598}, {'iter': 12000, 'mDice': 0.889859, 'vessel_Dice': 0.798846}, {'iter': 16000, 'mDice': 0.888945, 'vessel_Dice': 0.797348}, {'iter': 20000, 'mDice': 0.883333, 'vessel_Dice': 0.786921}, {'iter': 24000, 'mDice': 0.879456, 'vessel_Dice': 0.779859}, {'iter': 28000, 'mDice': 0.889352, 'vessel_Dice': 0.797601}, {'iter': 32000, 'mDice': 0.88971, 'vessel_Dice': 0.798573}, {'iter': 36000, 'mDice': 0.88184, 'vessel_Dice': 0.784017}, {'iter': 40000, 'mDice': 0.883533, 'vessel_Dice': 0.786825}]"
drive,GKD_V2_uniform_eps8_seed1_summary,,(unparsed),,,,,,8.0,,1,0.884701,,,,,,GKD_V2_uniform_eps8_seed1_summary.json,"version=v2_direct_feature_matching,noise_type=uniform,seed=1,K=1,lambda_feat=0.4,max_iters=40000,best_iter=8000,student_baseline_mDice=0.8791,lift_over_baseline=0.005601,adapter_channels=512→1024,history=[{'iter': 4000, 'mDice': 0.874471, 'vessel_Dice': 0.771429}, {'iter': 8000, 'mDice': 0.884701, 'vessel_Dice': 0.789147}, {'iter': 12000, 'mDice': 0.880091, 'vessel_Dice': 0.781103}, {'iter': 16000, 'mDice': 0.884551, 'vessel_Dice': 0.788882}, {'iter': 20000, 'mDice': 0.88194, 'vessel_Dice': 0.783719}, {'iter': 24000, 'mDice': 0.871075, 'vessel_Dice': 0.765415}, {'iter': 28000, 'mDice': 0.882007, 'vessel_Dice': 0.78345}, {'iter': 32000, 'mDice': 0.884479, 'vessel_Dice': 0.788944}, {'iter': 36000, 'mDice': 0.880499, 'vessel_Dice': 0.781045}, {'iter': 40000, 'mDice': 0.884186, 'vessel_Dice': 0.788048}]"
drive,GKD_V2_uniform_eps8_seed2_summary,,(unparsed),,,,,,8.0,,1,0.888525,,,,,,GKD_V2_uniform_eps8_seed2_summary.json,"version=v2_direct_feature_matching,noise_type=uniform,seed=2,K=1,lambda_feat=0.4,max_iters=40000,best_iter=16000,student_baseline_mDice=0.8791,lift_over_baseline=0.009425,adapter_channels=512→1024,history=[{'iter': 4000, 'mDice': 0.867831, 'vessel_Dice': 0.759564}, {'iter': 8000, 'mDice': 0.886991, 'vessel_Dice': 0.793434}, {'iter': 12000, 'mDice': 0.887893, 'vessel_Dice': 0.795673}, {'iter': 16000, 'mDice': 0.888525, 'vessel_Dice': 0.796749}, {'iter': 20000, 'mDice': 0.885224, 'vessel_Dice': 0.790584}, {'iter': 24000, 'mDice': 0.886719, 'vessel_Dice': 0.792711}, {'iter': 28000, 'mDice': 0.880841, 'vessel_Dice': 0.782585}, {'iter': 32000, 'mDice': 0.876763, 'vessel_Dice': 0.775288}, {'iter': 36000, 'mDice': 0.888376, 'vessel_Dice': 0.795986}, {'iter': 40000, 'mDice': 0.884882, 'vessel_Dice': 0.789463}]"
isic,isic_3method_actnorm_sweep_results,,PATE (K=1 baseline),,,,,,0.1,,5,0.672677,0.00127,0.000568,,,,isic_3method_actnorm_sweep_results.json,
isic,isic_3method_actnorm_sweep_results,,PATE (K=1 baseline),,,,,,0.5,,5,0.683776,0.008729,0.003904,,,,isic_3method_actnorm_sweep_results.json,
isic,isic_3method_actnorm_sweep_results,,PATE (K=1 baseline),,,,,,1.0,,5,0.693336,0.012318,0.005509,,,,isic_3method_actnorm_sweep_results.json,
isic,isic_3method_actnorm_sweep_results,,PATE (K=1 baseline),,,,,,2.0,,5,0.697625,0.006704,0.002998,,,,isic_3method_actnorm_sweep_results.json,
isic,isic_3method_actnorm_sweep_results,,PATE (K=1 baseline),,,,,,4.0,,5,0.711707,0.008658,0.003872,,,,isic_3method_actnorm_sweep_results.json,
isic,isic_3method_actnorm_sweep_results,,PATE (K=1 baseline),,,,,,6.0,,5,0.718482,0.010521,0.004705,,,,isic_3method_actnorm_sweep_results.json,
isic,isic_3method_actnorm_sweep_results,,PATE (K=1 baseline),,,,,,8.0,,5,0.723094,0.005741,0.002567,,,,isic_3method_actnorm_sweep_results.json,
isic,isic_3method_actnorm_sweep_results,,PATE+uniform (K=10),,,,,,0.1,,5,0.685522,0.007005,0.003133,,,,isic_3method_actnorm_sweep_results.json,
isic,isic_3method_actnorm_sweep_results,,PATE+uniform (K=10),,,,,,0.5,,5,0.71156,0.007582,0.003391,,,,isic_3method_actnorm_sweep_results.json,
isic,isic_3method_actnorm_sweep_results,,PATE+uniform (K=10),,,,,,1.0,,5,0.729904,0.008899,0.00398,,,,isic_3method_actnorm_sweep_results.json,
isic,isic_3method_actnorm_sweep_results,,PATE+uniform (K=10),,,,,,2.0,,5,0.752673,0.007309,0.003268,,,,isic_3method_actnorm_sweep_results.json,
isic,isic_3method_actnorm_sweep_results,,PATE+uniform (K=10),,,,,,4.0,,5,0.788034,0.00728,0.003256,,,,isic_3method_actnorm_sweep_results.json,
isic,isic_3method_actnorm_sweep_results,,PATE+uniform (K=10),,,,,,6.0,,5,0.794789,0.005977,0.002673,,,,isic_3method_actnorm_sweep_results.json,
isic,isic_3method_actnorm_sweep_results,,PATE+uniform (K=10),,,,,,8.0,,5,0.792643,0.009989,0.004467,,,,isic_3method_actnorm_sweep_results.json,
isic,isic_3method_actnorm_sweep_results,,"PATE+CANAL (K=10, act_norm)",,,,,,0.1,,5,0.690042,0.004072,0.001821,,,,isic_3method_actnorm_sweep_results.json,
isic,isic_3method_actnorm_sweep_results,,"PATE+CANAL (K=10, act_norm)",,,,,,0.5,,5,0.715619,0.007876,0.003522,,,,isic_3method_actnorm_sweep_results.json,
isic,isic_3method_actnorm_sweep_results,,"PATE+CANAL (K=10, act_norm)",,,,,,1.0,,5,0.733468,0.004331,0.001937,,,,isic_3method_actnorm_sweep_results.json,
isic,isic_3method_actnorm_sweep_results,,"PATE+CANAL (K=10, act_norm)",,,,,,2.0,,5,0.753391,0.001791,0.000801,,,,isic_3method_actnorm_sweep_results.json,
isic,isic_3method_actnorm_sweep_results,,"PATE+CANAL (K=10, act_norm)",,,,,,4.0,,5,0.780876,0.007787,0.003483,,,,isic_3method_actnorm_sweep_results.json,
isic,isic_3method_actnorm_sweep_results,,"PATE+CANAL (K=10, act_norm)",,,,,,6.0,,5,0.79037,0.003777,0.001689,,,,isic_3method_actnorm_sweep_results.json,
isic,isic_3method_actnorm_sweep_results,,"PATE+CANAL (K=10, act_norm)",,,,,,8.0,,5,0.793437,0.010435,0.004667,,,,isic_3method_actnorm_sweep_results.json,
isic,isic_3method_actnorm_tight20s_sweep_results,,PATE (K=1 baseline),,,,,,0.1,,20,0.767286,0.007833,0.001752,,,,isic_3method_actnorm_tight20s_sweep_results.json,
isic,isic_3method_actnorm_tight20s_sweep_results,,PATE (K=1 baseline),,,,,,0.5,,20,0.784384,0.004031,0.000901,,,,isic_3method_actnorm_tight20s_sweep_results.json,
isic,isic_3method_actnorm_tight20s_sweep_results,,PATE (K=1 baseline),,,,,,1.0,,20,0.787269,0.004574,0.001023,,,,isic_3method_actnorm_tight20s_sweep_results.json,
isic,isic_3method_actnorm_tight20s_sweep_results,,PATE+uniform (K=10),,,,,,0.1,,20,0.785481,0.004185,0.000936,,,,isic_3method_actnorm_tight20s_sweep_results.json,
isic,isic_3method_actnorm_tight20s_sweep_results,,PATE+uniform (K=10),,,,,,0.5,,20,0.808673,0.003028,0.000677,,,,isic_3method_actnorm_tight20s_sweep_results.json,
isic,isic_3method_actnorm_tight20s_sweep_results,,PATE+uniform (K=10),,,,,,1.0,,20,0.824794,0.003078,0.000688,,,,isic_3method_actnorm_tight20s_sweep_results.json,
isic,isic_3method_actnorm_tight20s_sweep_results,,"PATE+CANAL (K=10, act_norm)",,,,,,0.1,,20,0.785536,0.005082,0.001136,,,,isic_3method_actnorm_tight20s_sweep_results.json,
isic,isic_3method_actnorm_tight20s_sweep_results,,"PATE+CANAL (K=10, act_norm)",,,,,,0.5,,20,0.810343,0.003902,0.000873,,,,isic_3method_actnorm_tight20s_sweep_results.json,
isic,isic_K_eps_sweep_k10canal_results,,PATE+CANAL (K=10),,,,,,0.1,,5,0.781997,0.001624,0.000726,,,,isic_K_eps_sweep_k10canal_results.json,
isic,isic_K_eps_sweep_k10canal_results,,PATE+CANAL (K=10),,,,,,0.5,,5,0.808129,0.001558,0.000697,,,,isic_K_eps_sweep_k10canal_results.json,
isic,isic_K_eps_sweep_k10canal_results,,PATE+CANAL (K=10),,,,,,1.0,,5,0.827002,0.001648,0.000737,,,,isic_K_eps_sweep_k10canal_results.json,
isic,isic_K_eps_sweep_k10canal_results,,PATE+CANAL (K=10),,,,,,2.0,,5,0.836759,0.001106,0.000495,,,,isic_K_eps_sweep_k10canal_results.json,
isic,isic_K_eps_sweep_k10canal_results,,PATE+CANAL (K=10),,,,,,4.0,,5,0.841874,0.003755,0.001679,,,,isic_K_eps_sweep_k10canal_results.json,
isic,isic_K_eps_sweep_k10canal_results,,PATE+CANAL (K=10),,,,,,6.0,,5,0.845472,0.002934,0.001312,,,,isic_K_eps_sweep_k10canal_results.json,
isic,isic_K_eps_sweep_k10canal_results,,PATE+CANAL (K=10),,,,,,8.0,,5,0.844875,0.002564,0.001147,,,,isic_K_eps_sweep_k10canal_results.json,
isic,isic_K_eps_sweep_k16_results,,PATE+uniform (K=16),,,,,,0.1,,5,0.790103,0.003559,0.001592,,,,isic_K_eps_sweep_k16_results.json,
isic,isic_K_eps_sweep_k16_results,,PATE+uniform (K=16),,,,,,0.5,,5,0.820015,0.001839,0.000823,,,,isic_K_eps_sweep_k16_results.json,
isic,isic_K_eps_sweep_k16_results,,PATE+uniform (K=16),,,,,,1.0,,5,0.835315,0.001851,0.000828,,,,isic_K_eps_sweep_k16_results.json,
isic,isic_K_eps_sweep_k16_results,,PATE+uniform (K=16),,,,,,2.0,,5,0.840944,0.001372,0.000614,,,,isic_K_eps_sweep_k16_results.json,
isic,isic_K_eps_sweep_k16_results,,PATE+uniform (K=16),,,,,,4.0,,5,0.844578,0.001805,0.000807,,,,isic_K_eps_sweep_k16_results.json,
isic,isic_K_eps_sweep_k16_results,,PATE+uniform (K=16),,,,,,6.0,,5,0.844269,0.002045,0.000914,,,,isic_K_eps_sweep_k16_results.json,
isic,isic_K_eps_sweep_k16_results,,PATE+uniform (K=16),,,,,,8.0,,5,0.842173,0.002959,0.001324,,,,isic_K_eps_sweep_k16_results.json,
isic,isic_K_eps_sweep_results,,PATE+uniform (K=1),,,,,,0.1,,5,0.767293,0.012445,0.005566,,,,isic_K_eps_sweep_results.json,
isic,isic_K_eps_sweep_results,,PATE+uniform (K=1),,,,,,0.5,,5,0.779587,0.002059,0.000921,,,,isic_K_eps_sweep_results.json,
isic,isic_K_eps_sweep_results,,PATE+uniform (K=1),,,,,,1.0,,5,0.784561,0.004573,0.002045,,,,isic_K_eps_sweep_results.json,
isic,isic_K_eps_sweep_results,,PATE+uniform (K=1),,,,,,2.0,,5,0.788875,0.001931,0.000864,,,,isic_K_eps_sweep_results.json,
isic,isic_K_eps_sweep_results,,PATE+uniform (K=1),,,,,,4.0,,5,0.800285,0.002663,0.001191,,,,isic_K_eps_sweep_results.json,
isic,isic_K_eps_sweep_results,,PATE+uniform (K=1),,,,,,6.0,,5,0.810972,0.003924,0.001755,,,,isic_K_eps_sweep_results.json,
isic,isic_K_eps_sweep_results,,PATE+uniform (K=1),,,,,,8.0,,5,0.821121,0.000525,0.000235,,,,isic_K_eps_sweep_results.json,
isic,isic_K_eps_sweep_results,,PATE+CANAL (K=1),,,,,,0.1,,5,0.76899,0.007899,0.003533,,,,isic_K_eps_sweep_results.json,
isic,isic_K_eps_sweep_results,,PATE+CANAL (K=1),,,,,,0.5,,5,0.784,0.005618,0.002512,,,,isic_K_eps_sweep_results.json,
isic,isic_K_eps_sweep_results,,PATE+CANAL (K=1),,,,,,1.0,,5,0.783723,0.008039,0.003595,,,,isic_K_eps_sweep_results.json,
isic,isic_K_eps_sweep_results,,PATE+CANAL (K=1),,,,,,2.0,,5,0.791527,0.001798,0.000804,,,,isic_K_eps_sweep_results.json,
isic,isic_K_eps_sweep_results,,PATE+CANAL (K=1),,,,,,4.0,,5,0.800123,0.004898,0.00219,,,,isic_K_eps_sweep_results.json,
isic,isic_K_eps_sweep_results,,PATE+CANAL (K=1),,,,,,6.0,,5,0.812906,0.001967,0.00088,,,,isic_K_eps_sweep_results.json,
isic,isic_K_eps_sweep_results,,PATE+CANAL (K=1),,,,,,8.0,,5,0.817898,0.001714,0.000767,,,,isic_K_eps_sweep_results.json,
isic,isic_K_eps_sweep_results,,PATE+uniform (K=3),,,,,,0.1,,5,0.772973,0.006034,0.002698,,,,isic_K_eps_sweep_results.json,
isic,isic_K_eps_sweep_results,,PATE+uniform (K=3),,,,,,0.5,,5,0.790148,0.001868,0.000835,,,,isic_K_eps_sweep_results.json,
isic,isic_K_eps_sweep_results,,PATE+uniform (K=3),,,,,,1.0,,5,0.796934,0.002294,0.001026,,,,isic_K_eps_sweep_results.json,
isic,isic_K_eps_sweep_results,,PATE+uniform (K=3),,,,,,2.0,,5,0.813186,0.002492,0.001114,,,,isic_K_eps_sweep_results.json,
isic,isic_K_eps_sweep_results,,PATE+uniform (K=3),,,,,,4.0,,5,0.828864,0.00127,0.000568,,,,isic_K_eps_sweep_results.json,
isic,isic_K_eps_sweep_results,,PATE+uniform (K=3),,,,,,6.0,,5,0.833619,0.001644,0.000735,,,,isic_K_eps_sweep_results.json,
isic,isic_K_eps_sweep_results,,PATE+uniform (K=3),,,,,,8.0,,5,0.839466,0.001617,0.000723,,,,isic_K_eps_sweep_results.json,
isic,isic_K_eps_sweep_results,,PATE+CANAL (K=3),,,,,,0.1,,5,0.77496,0.002753,0.001231,,,,isic_K_eps_sweep_results.json,
isic,isic_K_eps_sweep_results,,PATE+CANAL (K=3),,,,,,0.5,,5,0.789618,0.00424,0.001896,,,,isic_K_eps_sweep_results.json,
isic,isic_K_eps_sweep_results,,PATE+CANAL (K=3),,,,,,1.0,,5,0.800647,0.002992,0.001338,,,,isic_K_eps_sweep_results.json,
isic,isic_K_eps_sweep_results,,PATE+CANAL (K=3),,,,,,2.0,,5,0.813472,0.002233,0.000999,,,,isic_K_eps_sweep_results.json,
isic,isic_K_eps_sweep_results,,PATE+CANAL (K=3),,,,,,4.0,,5,0.827169,0.001402,0.000627,,,,isic_K_eps_sweep_results.json,
isic,isic_K_eps_sweep_results,,PATE+CANAL (K=3),,,,,,6.0,,5,0.836337,0.002309,0.001033,,,,isic_K_eps_sweep_results.json,
isic,isic_K_eps_sweep_results,,PATE+CANAL (K=3),,,,,,8.0,,5,0.83959,0.001489,0.000666,,,,isic_K_eps_sweep_results.json,
isic,isic_K_eps_sweep_results,,PATE+uniform (K=5),,,,,,0.1,,5,0.781379,0.00347,0.001552,,,,isic_K_eps_sweep_results.json,
isic,isic_K_eps_sweep_results,,PATE+uniform (K=5),,,,,,0.5,,5,0.793616,0.005288,0.002365,,,,isic_K_eps_sweep_results.json,
isic,isic_K_eps_sweep_results,,PATE+uniform (K=5),,,,,,1.0,,5,0.809424,0.002937,0.001313,,,,isic_K_eps_sweep_results.json,
isic,isic_K_eps_sweep_results,,PATE+uniform (K=5),,,,,,2.0,,5,0.826508,0.001539,0.000688,,,,isic_K_eps_sweep_results.json,
isic,isic_K_eps_sweep_results,,PATE+uniform (K=5),,,,,,4.0,,5,0.835832,0.001725,0.000771,,,,isic_K_eps_sweep_results.json,
isic,isic_K_eps_sweep_results,,PATE+uniform (K=5),,,,,,6.0,,5,0.841082,0.003536,0.001581,,,,isic_K_eps_sweep_results.json,
isic,isic_K_eps_sweep_results,,PATE+uniform (K=5),,,,,,8.0,,5,0.842782,0.003043,0.001361,,,,isic_K_eps_sweep_results.json,
isic,isic_K_eps_sweep_results,,PATE+CANAL (K=5),,,,,,0.1,,5,0.777156,0.001974,0.000883,,,,isic_K_eps_sweep_results.json,
isic,isic_K_eps_sweep_results,,PATE+CANAL (K=5),,,,,,0.5,,5,0.796889,0.00316,0.001413,,,,isic_K_eps_sweep_results.json,
isic,isic_K_eps_sweep_results,,PATE+CANAL (K=5),,,,,,1.0,,5,0.810601,0.004142,0.001853,,,,isic_K_eps_sweep_results.json,
isic,isic_K_eps_sweep_results,,PATE+CANAL (K=5),,,,,,2.0,,5,0.827009,0.001488,0.000666,,,,isic_K_eps_sweep_results.json,
isic,isic_K_eps_sweep_results,,PATE+CANAL (K=5),,,,,,4.0,,5,0.838915,0.002145,0.000959,,,,isic_K_eps_sweep_results.json,
isic,isic_K_eps_sweep_results,,PATE+CANAL (K=5),,,,,,6.0,,5,0.843905,0.004179,0.001869,,,,isic_K_eps_sweep_results.json,
isic,isic_K_eps_sweep_results,,PATE+CANAL (K=5),,,,,,8.0,,5,0.840977,0.001508,0.000674,,,,isic_K_eps_sweep_results.json,
isic,isic_K_eps_sweep_results,,PATE+uniform (K=10),,,,,,0.1,,5,0.783322,0.002197,0.000982,,,,isic_K_eps_sweep_results.json,
isic,isic_K_eps_sweep_results,,PATE+uniform (K=10),,,,,,0.5,,5,0.809467,0.004063,0.001817,,,,isic_K_eps_sweep_results.json,
isic,isic_K_eps_sweep_results,,PATE+uniform (K=10),,,,,,1.0,,5,0.826421,0.001267,0.000566,,,,isic_K_eps_sweep_results.json,
isic,isic_K_eps_sweep_results,,PATE+uniform (K=10),,,,,,2.0,,5,0.836227,0.004113,0.00184,,,,isic_K_eps_sweep_results.json,
isic,isic_K_eps_sweep_results,,PATE+uniform (K=10),,,,,,4.0,,5,0.844153,0.002408,0.001077,,,,isic_K_eps_sweep_results.json,
isic,isic_K_eps_sweep_results,,PATE+uniform (K=10),,,,,,6.0,,5,0.845027,0.003598,0.001609,,,,isic_K_eps_sweep_results.json,
isic,isic_K_eps_sweep_results,,PATE+uniform (K=10),,,,,,8.0,,5,0.844153,0.003755,0.001679,,,,isic_K_eps_sweep_results.json,
isic,isic_K_eps_sweep_results,,PATE+CANAL (K=10),,,,,,0.1,,5,0.786253,0.001938,0.000867,,,,isic_K_eps_sweep_results.json,
isic,isic_K_eps_sweep_results,,PATE+CANAL (K=10),,,,,,0.5,,5,0.809503,0.002404,0.001075,,,,isic_K_eps_sweep_results.json,
isic,isic_K_eps_sweep_results,,PATE+CANAL (K=10),,,,,,1.0,,5,0.825904,0.001889,0.000845,,,,isic_K_eps_sweep_results.json,
isic,isic_K_eps_sweep_results,,PATE+CANAL (K=10),,,,,,2.0,,5,0.835722,0.001711,0.000765,,,,isic_K_eps_sweep_results.json,
isic,isic_K_eps_sweep_results,,PATE+CANAL (K=10),,,,,,4.0,,5,0.844486,0.001776,0.000794,,,,isic_K_eps_sweep_results.json,
isic,isic_K_eps_sweep_results,,PATE+CANAL (K=10),,,,,,6.0,,5,0.84245,0.001416,0.000633,,,,isic_K_eps_sweep_results.json,
isic,isic_K_eps_sweep_results,,PATE+CANAL (K=10),,,,,,8.0,,5,0.844518,0.003193,0.001428,,,,isic_K_eps_sweep_results.json,
isic,isic_comparison,,K=1 uniform,,,,,,2.0,,5,0.785402,,0.001164,,,,isic_comparison.json,
isic,isic_comparison,,K=1 uniform,,,,,,4.0,,5,0.794816,,0.001668,,,,isic_comparison.json,
isic,isic_comparison,,K=1 uniform,,,,,,8.0,,5,0.810262,,0.001181,,,,isic_comparison.json,
isic,isic_comparison,,K=1 uniform,,,,,,16.0,,5,0.824608,,0.000363,,,,isic_comparison.json,
isic,isic_comparison,,PATE K=3 uniform,,,,,,2.0,,5,0.803348,,0.000859,,,,isic_comparison.json,
isic,isic_comparison,,PATE K=3 uniform,,,,,,4.0,,5,0.820451,,0.001014,,,,isic_comparison.json,
isic,isic_comparison,,PATE K=3 uniform,,,,,,8.0,,5,0.831926,,0.000933,,,,isic_comparison.json,
isic,isic_comparison,,PATE K=3 uniform,,,,,,16.0,,5,0.842871,,0.001012,,,,isic_comparison.json,
isic,isic_comparison,,PATE K=5 uniform,,,,,,2.0,,5,0.816747,,0.001113,,,,isic_comparison.json,
isic,isic_comparison,,PATE K=5 uniform,,,,,,4.0,,5,0.830337,,0.000986,,,,isic_comparison.json,
isic,isic_comparison,,PATE K=5 uniform,,,,,,8.0,,5,0.840716,,0.001064,,,,isic_comparison.json,
isic,isic_comparison,,PATE K=5 uniform,,,,,,16.0,,5,0.84169,,0.001549,,,,isic_comparison.json,
isic,isic_comparison,,PATE K=10 uniform,,,,,,2.0,,5,0.830623,,0.0003,,,,isic_comparison.json,
isic,isic_comparison,,PATE K=10 uniform,,,,,,4.0,,5,0.839666,,0.001324,,,,isic_comparison.json,
isic,isic_comparison,,PATE K=10 uniform,,,,,,8.0,,5,0.844372,,0.00097,,,,isic_comparison.json,
isic,isic_comparison,,PATE K=10 uniform,,,,,,16.0,,5,0.845251,,0.000732,,,,isic_comparison.json,
isic,isic_comparison,,subsample K=1,,,,,,2.0,0.7,5,0.786624,,0.001644,,,,isic_comparison.json,
isic,isic_comparison,,subsample K=1,,,,,,4.0,0.7,5,0.801433,,0.000709,,,,isic_comparison.json,
isic,isic_comparison,,subsample K=1,,,,,,8.0,0.7,5,0.815352,,0.001349,,,,isic_comparison.json,
isic,isic_comparison,,subsample K=1,,,,,,16.0,0.7,5,0.829916,,0.000704,,,,isic_comparison.json,
isic,isic_comparison,,subsample K=1,,,,,,2.0,0.5,5,0.796983,,0.001409,,,,isic_comparison.json,
isic,isic_comparison,,subsample K=1,,,,,,4.0,0.5,5,0.80782,,0.000982,,,,isic_comparison.json,
isic,isic_comparison,,subsample K=1,,,,,,8.0,0.5,5,0.821111,,0.000917,,,,isic_comparison.json,
isic,isic_comparison,,subsample K=1,,,,,,16.0,0.5,5,0.83274,,0.000556,,,,isic_comparison.json,
isic,isic_comparison,,subsample K=1,,,,,,2.0,0.1,5,0.817354,,0.001092,,,,isic_comparison.json,
isic,isic_comparison,,subsample K=1,,,,,,4.0,0.1,5,0.828496,,0.001185,,,,isic_comparison.json,
isic,isic_comparison,,subsample K=1,,,,,,8.0,0.1,5,0.837733,,0.001037,,,,isic_comparison.json,
isic,isic_comparison,,subsample K=1,,,,,,16.0,0.1,5,0.842449,,0.000975,,,,isic_comparison.json,
isic,isic_comparison,,subsample K=1,,,,,,2.0,0.05,5,0.828948,,0.001222,,,,isic_comparison.json,
isic,isic_comparison,,subsample K=1,,,,,,4.0,0.05,5,0.839378,,0.000753,,,,isic_comparison.json,
isic,isic_comparison,,subsample K=1,,,,,,8.0,0.05,5,0.844708,,0.001325,,,,isic_comparison.json,
isic,isic_comparison,,subsample K=1,,,,,,16.0,0.05,5,0.844581,,0.000729,,,,isic_comparison.json,
isic,isic_comparison,,subsample K=1,,,,,,2.0,0.02,5,0.837899,,0.001431,,,,isic_comparison.json,
isic,isic_comparison,,subsample K=1,,,,,,4.0,0.02,5,0.843807,,0.000671,,,,isic_comparison.json,
isic,isic_comparison,,subsample K=1,,,,,,8.0,0.02,5,0.844556,,0.000898,,,,isic_comparison.json,
isic,isic_comparison,,subsample K=1,,,,,,16.0,0.02,5,0.843022,,0.001205,,,,isic_comparison.json,
isic,isic_comparison,,Joint K=10,,,,,,2.0,0.7,5,0.834573,,0.000418,,,,isic_comparison.json,
isic,isic_comparison,,Joint K=10,,,,,,4.0,0.7,5,0.842502,,0.000652,,,,isic_comparison.json,
isic,isic_comparison,,Joint K=10,,,,,,8.0,0.7,5,0.844907,,0.0013,,,,isic_comparison.json,
isic,isic_comparison,,Joint K=10,,,,,,16.0,0.7,5,0.846382,,0.002004,,,,isic_comparison.json,
isic,isic_comparison,,Joint K=10,,,,,,2.0,0.5,5,0.839668,,0.001049,,,,isic_comparison.json,
isic,isic_comparison,,Joint K=10,,,,,,4.0,0.5,5,0.844607,,0.000846,,,,isic_comparison.json,
isic,isic_comparison,,Joint K=10,,,,,,8.0,0.5,5,0.846591,,0.001969,,,,isic_comparison.json,
isic,isic_comparison,,Joint K=10,,,,,,16.0,0.5,5,0.843291,,0.001726,,,,isic_comparison.json,
isic,isic_comparison,,Joint K=10,,,,,,2.0,0.1,5,0.845084,,0.000789,,,,isic_comparison.json,
isic,isic_comparison,,Joint K=10,,,,,,4.0,0.1,5,0.845007,,0.001774,,,,isic_comparison.json,
isic,isic_comparison,,Joint K=10,,,,,,8.0,0.1,5,0.84313,,0.000744,,,,isic_comparison.json,
isic,isic_comparison,,Joint K=10,,,,,,16.0,0.1,5,0.844549,,0.001232,,,,isic_comparison.json,
isic,isic_comparison,,Joint K=10,,,,,,2.0,0.05,5,0.84471,,0.001607,,,,isic_comparison.json,
isic,isic_comparison,,Joint K=10,,,,,,4.0,0.05,5,0.846289,,0.000753,,,,isic_comparison.json,
isic,isic_comparison,,Joint K=10,,,,,,8.0,0.05,5,0.842442,,0.000674,,,,isic_comparison.json,
isic,isic_comparison,,Joint K=10,,,,,,16.0,0.05,5,0.840682,,0.001043,,,,isic_comparison.json,
isic,isic_comparison,,Joint K=10,,,,,,2.0,0.02,5,0.84378,,0.001152,,,,isic_comparison.json,
isic,isic_comparison,,Joint K=10,,,,,,4.0,0.02,5,0.844785,,0.002169,,,,isic_comparison.json,
isic,isic_comparison,,Joint K=10,,,,,,8.0,0.02,5,0.843808,,0.001151,,,,isic_comparison.json,
isic,isic_comparison,,Joint K=10,,,,,,16.0,0.02,5,0.847165,,0.001072,,,,isic_comparison.json,
isic,isic_comparison,,Joint K=3,,,,,,2.0,0.7,5,0.814972,,0.001505,,,,isic_comparison.json,
isic,isic_comparison,,Joint K=3,,,,,,4.0,0.7,5,0.826809,,0.001039,,,,isic_comparison.json,
isic,isic_comparison,,Joint K=3,,,,,,8.0,0.7,5,0.838601,,0.000434,,,,isic_comparison.json,
isic,isic_comparison,,Joint K=3,,,,,,16.0,0.7,5,0.844804,,0.001142,,,,isic_comparison.json,
isic,isic_comparison,,Joint K=3,,,,,,2.0,0.5,5,0.818364,,0.001429,,,,isic_comparison.json,
isic,isic_comparison,,Joint K=3,,,,,,4.0,0.5,5,0.831234,,0.000654,,,,isic_comparison.json,
isic,isic_comparison,,Joint K=3,,,,,,8.0,0.5,5,0.838039,,0.000566,,,,isic_comparison.json,
isic,isic_comparison,,Joint K=3,,,,,,16.0,0.5,5,0.843299,,0.001098,,,,isic_comparison.json,
isic,isic_comparison,,Joint K=3,,,,,,2.0,0.1,5,0.839222,,0.000782,,,,isic_comparison.json,
isic,isic_comparison,,Joint K=3,,,,,,4.0,0.1,5,0.845233,,0.001794,,,,isic_comparison.json,
isic,isic_comparison,,Joint K=3,,,,,,8.0,0.1,5,0.844644,,0.001428,,,,isic_comparison.json,
isic,isic_comparison,,Joint K=3,,,,,,16.0,0.1,5,0.84431,,0.000434,,,,isic_comparison.json,
isic,isic_comparison,,Joint K=3,,,,,,2.0,0.05,5,0.842677,,0.000913,,,,isic_comparison.json,
isic,isic_comparison,,Joint K=3,,,,,,4.0,0.05,5,0.845894,,0.001159,,,,isic_comparison.json,
isic,isic_comparison,,Joint K=3,,,,,,8.0,0.05,5,0.843291,,0.001404,,,,isic_comparison.json,
isic,isic_comparison,,Joint K=3,,,,,,16.0,0.05,5,0.8419,,0.001569,,,,isic_comparison.json,
isic,isic_comparison,,Joint K=3,,,,,,2.0,0.02,5,0.842667,,0.000994,,,,isic_comparison.json,
isic,isic_comparison,,Joint K=3,,,,,,4.0,0.02,5,0.843084,,0.00148,,,,isic_comparison.json,
isic,isic_comparison,,Joint K=3,,,,,,8.0,0.02,5,0.844018,,0.001288,,,,isic_comparison.json,
isic,isic_comparison,,Joint K=3,,,,,,16.0,0.02,5,0.8432,,0.001187,,,,isic_comparison.json,
isic,isic_comparison,,PATE K=5 + CANAL,,,,,,2.0,,5,0.823609,,0.001086,,,,isic_comparison.json,
isic,isic_comparison,,PATE K=5 + CANAL,,,,,,4.0,,5,0.835398,,0.000935,,,,isic_comparison.json,
isic,isic_comparison,,PATE K=5 + CANAL,,,,,,8.0,,5,0.841483,,0.000641,,,,isic_comparison.json,
isic,isic_comparison,,PATE K=5 + CANAL,,,,,,16.0,,5,0.844413,,0.001496,,,,isic_comparison.json,
isic,isic_comparison,,PATE K=3 + CANAL,,,,,,2.0,,5,0.814647,,0.000775,,,,isic_comparison.json,
isic,isic_comparison,,PATE K=3 + CANAL,,,,,,4.0,,5,0.82829,,0.000605,,,,isic_comparison.json,
isic,isic_comparison,,PATE K=3 + CANAL,,,,,,8.0,,5,0.840653,,0.000529,,,,isic_comparison.json,
isic,isic_comparison,,PATE K=3 + CANAL,,,,,,16.0,,5,0.844033,,0.001587,,,,isic_comparison.json,
isic,isic_comparison,,PATE K=10 + CANAL,,,,,,2.0,,5,0.836131,,0.000409,,,,isic_comparison.json,
isic,isic_comparison,,PATE K=10 + CANAL,,,,,,4.0,,5,0.843086,,0.001339,,,,isic_comparison.json,
isic,isic_comparison,,PATE K=10 + CANAL,,,,,,8.0,,5,0.844249,,0.000631,,,,isic_comparison.json,
isic,isic_comparison,,PATE K=10 + CANAL,,,,,,16.0,,5,0.845976,,0.000772,,,,isic_comparison.json,
isic,isic_comparison,,random_control,,,,,,2.0,,5,0.843375,,0.000903,,,,isic_comparison.json,
isic,isic_comparison,,random,,,,,,2.0,,5,0.84272,,0.00092,,,,isic_comparison.json,
isic,isic_comparison,,random_control,,,,,,4.0,,5,0.842072,,0.001476,,,,isic_comparison.json,
isic,isic_comparison,,random,,,,,,4.0,,5,0.843833,,0.001838,,,,isic_comparison.json,
isic,isic_comparison,,random_control,,,,,,8.0,,5,0.842933,,0.000381,,,,isic_comparison.json,
isic,isic_comparison,,random,,,,,,8.0,,5,0.8452,,0.000998,,,,isic_comparison.json,
isic,isic_comparison,,random_control,,,,,,16.0,,5,0.842949,,0.001383,,,,isic_comparison.json,
isic,isic_comparison,,random,,,,,,16.0,,5,0.844501,,0.000705,,,,isic_comparison.json,
isic,isic_comparison,,(unparsed),,,,,,,,5,0.820097,,,,,,isic_comparison.json,
isic,isic_comparison,,(unparsed),,,,,,,,1,0.846759,,,,,,isic_comparison.json,
isic,isic_honest_canal_a0001_results,,PATE+uniform,,,,,,0.1,,3,0.782564,0.004101,0.002368,,,,isic_honest_canal_a0001_results.json,
isic,isic_honest_canal_a0001_results,,PATE+uniform,,,,,,0.5,,3,0.810377,0.000742,0.000429,,,,isic_honest_canal_a0001_results.json,
isic,isic_honest_canal_a0001_results,,PATE+uniform,,,,,,1.0,,3,0.824462,0.002808,0.001621,,,,isic_honest_canal_a0001_results.json,
isic,isic_honest_canal_a0001_results,,PATE+uniform,,,,,,2.0,,3,0.836436,0.002153,0.001243,,,,isic_honest_canal_a0001_results.json,
isic,isic_honest_canal_a0001_results,,PATE+uniform,,,,,,4.0,,3,0.844223,0.001651,0.000953,,,,isic_honest_canal_a0001_results.json,
isic,isic_honest_canal_a0001_results,,PATE+uniform,,,,,,6.0,,3,0.844435,0.001461,0.000843,,,,isic_honest_canal_a0001_results.json,
isic,isic_honest_canal_a0001_results,,PATE+uniform,,,,,,8.0,,3,0.844233,0.001685,0.000973,,,,isic_honest_canal_a0001_results.json,
isic,isic_honest_canal_a0001_results,,PATE+CANAL (raw),,,,,,0.1,,3,0.785643,0.002138,0.001234,,,,isic_honest_canal_a0001_results.json,
isic,isic_honest_canal_a0001_results,,PATE+CANAL (raw),,,,,,0.5,,3,0.809769,0.002445,0.001411,,,,isic_honest_canal_a0001_results.json,
isic,isic_honest_canal_a0001_results,,PATE+CANAL (raw),,,,,,1.0,,3,0.822936,0.004195,0.002422,,,,isic_honest_canal_a0001_results.json,
isic,isic_honest_canal_a0001_results,,PATE+CANAL (raw),,,,,,2.0,,3,0.835029,0.002515,0.001452,,,,isic_honest_canal_a0001_results.json,
isic,isic_honest_canal_a0001_results,,PATE+CANAL (raw),,,,,,4.0,,3,0.844978,0.000585,0.000338,,,,isic_honest_canal_a0001_results.json,
isic,isic_honest_canal_a0001_results,,PATE+CANAL (raw),,,,,,6.0,,3,0.840627,0.005091,0.002939,,,,isic_honest_canal_a0001_results.json,
isic,isic_honest_canal_a0001_results,,PATE+CANAL (raw),,,,,,8.0,,3,0.843973,0.002696,0.001557,,,,isic_honest_canal_a0001_results.json,
isic,isic_honest_canal_a0001_results,,PATE+CANAL (honest),,,,,,0.1,,3,0.750379,0.004753,0.002744,,,,isic_honest_canal_a0001_results.json,
isic,isic_honest_canal_a0001_results,,PATE+CANAL (honest),,,,,,0.5,,3,0.756863,0.002264,0.001307,,,,isic_honest_canal_a0001_results.json,
isic,isic_honest_canal_a0001_results,,PATE+CANAL (honest),,,,,,1.0,,3,0.755642,0.006205,0.003582,,,,isic_honest_canal_a0001_results.json,
isic,isic_honest_canal_a0001_results,,PATE+CANAL (honest),,,,,,2.0,,3,0.763093,0.003487,0.002013,,,,isic_honest_canal_a0001_results.json,
isic,isic_honest_canal_a0001_results,,PATE+CANAL (honest),,,,,,4.0,,3,0.773971,0.005575,0.003219,,,,isic_honest_canal_a0001_results.json,
isic,isic_honest_canal_a0001_results,,PATE+CANAL (honest),,,,,,6.0,,3,0.80169,0.004319,0.002494,,,,isic_honest_canal_a0001_results.json,
isic,isic_honest_canal_a0001_results,,PATE+CANAL (honest),,,,,,8.0,,3,0.845333,0.002097,0.001211,,,,isic_honest_canal_a0001_results.json,
isic,isic_honest_canal_a001_results,,PATE+uniform,,,,,,0.1,,3,0.783722,0.000444,0.000256,,,,isic_honest_canal_a001_results.json,
isic,isic_honest_canal_a001_results,,PATE+uniform,,,,,,0.5,,3,0.807689,0.001196,0.00069,,,,isic_honest_canal_a001_results.json,
isic,isic_honest_canal_a001_results,,PATE+uniform,,,,,,1.0,,3,0.825212,0.002551,0.001473,,,,isic_honest_canal_a001_results.json,
isic,isic_honest_canal_a001_results,,PATE+uniform,,,,,,2.0,,3,0.834479,0.001271,0.000734,,,,isic_honest_canal_a001_results.json,
isic,isic_honest_canal_a001_results,,PATE+uniform,,,,,,4.0,,3,0.84298,0.004093,0.002363,,,,isic_honest_canal_a001_results.json,
isic,isic_honest_canal_a001_results,,PATE+uniform,,,,,,6.0,,3,0.844266,0.00195,0.001126,,,,isic_honest_canal_a001_results.json,
isic,isic_honest_canal_a001_results,,PATE+uniform,,,,,,8.0,,3,0.843228,0.001583,0.000914,,,,isic_honest_canal_a001_results.json,
isic,isic_honest_canal_a001_results,,PATE+CANAL (raw),,,,,,0.1,,3,0.786736,0.002178,0.001257,,,,isic_honest_canal_a001_results.json,
isic,isic_honest_canal_a001_results,,PATE+CANAL (raw),,,,,,0.5,,3,0.80946,0.001825,0.001054,,,,isic_honest_canal_a001_results.json,
isic,isic_honest_canal_a001_results,,PATE+CANAL (raw),,,,,,1.0,,3,0.823996,0.003496,0.002018,,,,isic_honest_canal_a001_results.json,
isic,isic_honest_canal_a001_results,,PATE+CANAL (raw),,,,,,2.0,,3,0.83806,0.001474,0.000851,,,,isic_honest_canal_a001_results.json,
isic,isic_honest_canal_a001_results,,PATE+CANAL (raw),,,,,,4.0,,3,0.844415,0.001359,0.000785,,,,isic_honest_canal_a001_results.json,
isic,isic_honest_canal_a001_results,,PATE+CANAL (raw),,,,,,6.0,,3,0.843329,0.001962,0.001133,,,,isic_honest_canal_a001_results.json,
isic,isic_honest_canal_a001_results,,PATE+CANAL (raw),,,,,,8.0,,3,0.843807,0.00123,0.00071,,,,isic_honest_canal_a001_results.json,
isic,isic_honest_canal_a001_results,,PATE+CANAL (honest),,,,,,0.1,,3,0.756717,0.009165,0.005292,,,,isic_honest_canal_a001_results.json,
isic,isic_honest_canal_a001_results,,PATE+CANAL (honest),,,,,,0.5,,3,0.762455,0.002766,0.001597,,,,isic_honest_canal_a001_results.json,
isic,isic_honest_canal_a001_results,,PATE+CANAL (honest),,,,,,1.0,,3,0.747663,0.004702,0.002715,,,,isic_honest_canal_a001_results.json,
isic,isic_honest_canal_a001_results,,PATE+CANAL (honest),,,,,,2.0,,3,0.837026,0.001246,0.000719,,,,isic_honest_canal_a001_results.json,
isic,isic_honest_canal_a001_results,,PATE+CANAL (honest),,,,,,4.0,,3,0.844434,0.003445,0.001989,,,,isic_honest_canal_a001_results.json,
isic,isic_honest_canal_a001_results,,PATE+CANAL (honest),,,,,,6.0,,3,0.845742,0.00109,0.00063,,,,isic_honest_canal_a001_results.json,
isic,isic_honest_canal_a001_results,,PATE+CANAL (honest),,,,,,8.0,,3,0.841989,0.002191,0.001265,,,,isic_honest_canal_a001_results.json,
isic,isic_honest_canal_a005_results,,PATE+uniform,,,,,,0.1,,3,0.783467,0.001791,0.001034,,,,isic_honest_canal_a005_results.json,
isic,isic_honest_canal_a005_results,,PATE+uniform,,,,,,0.5,,3,0.810853,0.001466,0.000846,,,,isic_honest_canal_a005_results.json,
isic,isic_honest_canal_a005_results,,PATE+uniform,,,,,,1.0,,3,0.825164,0.00112,0.000647,,,,isic_honest_canal_a005_results.json,
isic,isic_honest_canal_a005_results,,PATE+uniform,,,,,,2.0,,3,0.837027,0.003038,0.001754,,,,isic_honest_canal_a005_results.json,
isic,isic_honest_canal_a005_results,,PATE+uniform,,,,,,4.0,,3,0.842782,0.00406,0.002344,,,,isic_honest_canal_a005_results.json,
isic,isic_honest_canal_a005_results,,PATE+uniform,,,,,,6.0,,3,0.843332,0.004296,0.00248,,,,isic_honest_canal_a005_results.json,
isic,isic_honest_canal_a005_results,,PATE+uniform,,,,,,8.0,,3,0.843582,0.002523,0.001457,,,,isic_honest_canal_a005_results.json,
isic,isic_honest_canal_a005_results,,PATE+CANAL (raw),,,,,,0.1,,3,0.784118,0.001858,0.001073,,,,isic_honest_canal_a005_results.json,
isic,isic_honest_canal_a005_results,,PATE+CANAL (raw),,,,,,0.5,,3,0.811266,0.003261,0.001883,,,,isic_honest_canal_a005_results.json,
isic,isic_honest_canal_a005_results,,PATE+CANAL (raw),,,,,,1.0,,3,0.824807,0.003335,0.001926,,,,isic_honest_canal_a005_results.json,
isic,isic_honest_canal_a005_results,,PATE+CANAL (raw),,,,,,2.0,,3,0.835308,0.002194,0.001267,,,,isic_honest_canal_a005_results.json,
isic,isic_honest_canal_a005_results,,PATE+CANAL (raw),,,,,,4.0,,3,0.842897,0.004106,0.00237,,,,isic_honest_canal_a005_results.json,
isic,isic_honest_canal_a005_results,,PATE+CANAL (raw),,,,,,6.0,,3,0.844817,0.00371,0.002142,,,,isic_honest_canal_a005_results.json,
isic,isic_honest_canal_a005_results,,PATE+CANAL (raw),,,,,,8.0,,3,0.844761,0.002129,0.001229,,,,isic_honest_canal_a005_results.json,
isic,isic_honest_canal_a005_results,,PATE+CANAL (honest),,,,,,0.1,,3,0.755085,0.001917,0.001107,,,,isic_honest_canal_a005_results.json,
isic,isic_honest_canal_a005_results,,PATE+CANAL (honest),,,,,,0.5,,3,0.746449,0.003071,0.001773,,,,isic_honest_canal_a005_results.json,
isic,isic_honest_canal_a005_results,,PATE+CANAL (honest),,,,,,1.0,,3,0.822861,0.002584,0.001492,,,,isic_honest_canal_a005_results.json,
isic,isic_honest_canal_a005_results,,PATE+CANAL (honest),,,,,,2.0,,3,0.83691,0.000768,0.000443,,,,isic_honest_canal_a005_results.json,
isic,isic_honest_canal_a005_results,,PATE+CANAL (honest),,,,,,4.0,,3,0.843103,0.00242,0.001397,,,,isic_honest_canal_a005_results.json,
isic,isic_honest_canal_a005_results,,PATE+CANAL (honest),,,,,,6.0,,3,0.843117,0.001856,0.001071,,,,isic_honest_canal_a005_results.json,
isic,isic_honest_canal_a005_results,,PATE+CANAL (honest),,,,,,8.0,,3,0.847321,0.001254,0.000724,,,,isic_honest_canal_a005_results.json,
isic,isic_honest_canal_a010_results,,PATE+uniform,,,,,,0.1,,3,0.781989,0.004841,0.002795,,,,isic_honest_canal_a010_results.json,
isic,isic_honest_canal_a010_results,,PATE+uniform,,,,,,0.5,,3,0.81098,0.002337,0.001349,,,,isic_honest_canal_a010_results.json,
isic,isic_honest_canal_a010_results,,PATE+uniform,,,,,,1.0,,3,0.824442,0.002525,0.001458,,,,isic_honest_canal_a010_results.json,
isic,isic_honest_canal_a010_results,,PATE+uniform,,,,,,2.0,,3,0.835589,0.001529,0.000883,,,,isic_honest_canal_a010_results.json,
isic,isic_honest_canal_a010_results,,PATE+uniform,,,,,,4.0,,3,0.842383,0.00106,0.000612,,,,isic_honest_canal_a010_results.json,
isic,isic_honest_canal_a010_results,,PATE+uniform,,,,,,6.0,,3,0.842666,0.002333,0.001347,,,,isic_honest_canal_a010_results.json,
isic,isic_honest_canal_a010_results,,PATE+uniform,,,,,,8.0,,3,0.841151,0.00236,0.001362,,,,isic_honest_canal_a010_results.json,
isic,isic_honest_canal_a010_results,,PATE+CANAL (raw),,,,,,0.1,,3,0.785316,0.001031,0.000595,,,,isic_honest_canal_a010_results.json,
isic,isic_honest_canal_a010_results,,PATE+CANAL (raw),,,,,,0.5,,3,0.808512,0.003043,0.001757,,,,isic_honest_canal_a010_results.json,
isic,isic_honest_canal_a010_results,,PATE+CANAL (raw),,,,,,1.0,,3,0.826348,0.001562,0.000902,,,,isic_honest_canal_a010_results.json,
isic,isic_honest_canal_a010_results,,PATE+CANAL (raw),,,,,,2.0,,3,0.837296,0.002352,0.001358,,,,isic_honest_canal_a010_results.json,
isic,isic_honest_canal_a010_results,,PATE+CANAL (raw),,,,,,4.0,,3,0.842098,0.003906,0.002255,,,,isic_honest_canal_a010_results.json,
isic,isic_honest_canal_a010_results,,PATE+CANAL (raw),,,,,,6.0,,3,0.844927,0.001151,0.000664,,,,isic_honest_canal_a010_results.json,
isic,isic_honest_canal_a010_results,,PATE+CANAL (raw),,,,,,8.0,,3,0.842552,0.000589,0.00034,,,,isic_honest_canal_a010_results.json,
isic,isic_honest_canal_a010_results,,PATE+CANAL (honest),,,,,,0.1,,3,0.756466,0.002367,0.001367,,,,isic_honest_canal_a010_results.json,
isic,isic_honest_canal_a010_results,,PATE+CANAL (honest),,,,,,0.5,,3,0.73487,0.003805,0.002197,,,,isic_honest_canal_a010_results.json,
isic,isic_honest_canal_a010_results,,PATE+CANAL (honest),,,,,,1.0,,3,0.822949,0.003275,0.001891,,,,isic_honest_canal_a010_results.json,
isic,isic_honest_canal_a010_results,,PATE+CANAL (honest),,,,,,2.0,,3,0.834763,0.000424,0.000245,,,,isic_honest_canal_a010_results.json,
isic,isic_honest_canal_a010_results,,PATE+CANAL (honest),,,,,,4.0,,3,0.841578,0.002742,0.001583,,,,isic_honest_canal_a010_results.json,
isic,isic_honest_canal_a010_results,,PATE+CANAL (honest),,,,,,6.0,,3,0.842721,0.000405,0.000234,,,,isic_honest_canal_a010_results.json,
isic,isic_honest_canal_a010_results,,PATE+CANAL (honest),,,,,,8.0,,3,0.844948,0.000228,0.000131,,,,isic_honest_canal_a010_results.json,
isic,isic_honest_canal_a020_results,,PATE+uniform,,,,,,0.1,,3,0.784397,0.000966,0.000558,,,,isic_honest_canal_a020_results.json,
isic,isic_honest_canal_a020_results,,PATE+uniform,,,,,,0.5,,3,0.810423,0.001031,0.000595,,,,isic_honest_canal_a020_results.json,
isic,isic_honest_canal_a020_results,,PATE+uniform,,,,,,1.0,,3,0.827463,0.003224,0.001861,,,,isic_honest_canal_a020_results.json,
isic,isic_honest_canal_a020_results,,PATE+uniform,,,,,,2.0,,3,0.838016,0.000644,0.000372,,,,isic_honest_canal_a020_results.json,
isic,isic_honest_canal_a020_results,,PATE+uniform,,,,,,4.0,,3,0.844312,0.001565,0.000904,,,,isic_honest_canal_a020_results.json,
isic,isic_honest_canal_a020_results,,PATE+uniform,,,,,,6.0,,3,0.844329,0.001018,0.000588,,,,isic_honest_canal_a020_results.json,
isic,isic_honest_canal_a020_results,,PATE+uniform,,,,,,8.0,,3,0.844787,0.001817,0.001049,,,,isic_honest_canal_a020_results.json,
isic,isic_honest_canal_a020_results,,PATE+CANAL (raw),,,,,,0.1,,3,0.783307,0.003279,0.001893,,,,isic_honest_canal_a020_results.json,
isic,isic_honest_canal_a020_results,,PATE+CANAL (raw),,,,,,0.5,,3,0.810644,0.003676,0.002122,,,,isic_honest_canal_a020_results.json,
isic,isic_honest_canal_a020_results,,PATE+CANAL (raw),,,,,,1.0,,3,0.824329,0.003766,0.002175,,,,isic_honest_canal_a020_results.json,
isic,isic_honest_canal_a020_results,,PATE+CANAL (raw),,,,,,2.0,,3,0.835733,0.002191,0.001265,,,,isic_honest_canal_a020_results.json,
isic,isic_honest_canal_a020_results,,PATE+CANAL (raw),,,,,,4.0,,3,0.844729,0.00155,0.000895,,,,isic_honest_canal_a020_results.json,
isic,isic_honest_canal_a020_results,,PATE+CANAL (raw),,,,,,6.0,,3,0.845517,0.002379,0.001374,,,,isic_honest_canal_a020_results.json,
isic,isic_honest_canal_a020_results,,PATE+CANAL (raw),,,,,,8.0,,3,0.841185,0.0015,0.000866,,,,isic_honest_canal_a020_results.json,
isic,isic_honest_canal_a020_results,,PATE+CANAL (honest),,,,,,0.1,,3,0.749344,0.00593,0.003424,,,,isic_honest_canal_a020_results.json,
isic,isic_honest_canal_a020_results,,PATE+CANAL (honest),,,,,,0.5,,3,0.807575,0.000215,0.000124,,,,isic_honest_canal_a020_results.json,
isic,isic_honest_canal_a020_results,,PATE+CANAL (honest),,,,,,1.0,,3,0.824511,0.001438,0.00083,,,,isic_honest_canal_a020_results.json,
isic,isic_honest_canal_a020_results,,PATE+CANAL (honest),,,,,,2.0,,3,0.832573,0.002586,0.001493,,,,isic_honest_canal_a020_results.json,
isic,isic_honest_canal_a020_results,,PATE+CANAL (honest),,,,,,4.0,,3,0.841309,0.000618,0.000357,,,,isic_honest_canal_a020_results.json,
isic,isic_honest_canal_a020_results,,PATE+CANAL (honest),,,,,,6.0,,3,0.843969,0.000195,0.000113,,,,isic_honest_canal_a020_results.json,
isic,isic_honest_canal_a020_results,,PATE+CANAL (honest),,,,,,8.0,,3,0.846,0.001116,0.000644,,,,isic_honest_canal_a020_results.json,
isic,isic_honest_canal_tb16_clip150_a020_results,,PATE+uniform,,,,,,0.5,,5,0.799815,0.005453,0.002439,,,,isic_honest_canal_tb16_clip150_a020_results.json,
isic,isic_honest_canal_tb16_clip150_a020_results,,PATE+CANAL (raw),,,,,,0.5,,5,0.803867,0.00122,0.000546,,,,isic_honest_canal_tb16_clip150_a020_results.json,
isic,isic_honest_canal_tb16_clip150_a020_results,,PATE+CANAL (honest),,,,,,0.5,,5,0.798568,0.005674,0.002537,,,,isic_honest_canal_tb16_clip150_a020_results.json,
isic,isic_honest_canal_tb16_clip30_a030_results,,PATE+uniform,,,,,,0.5,,5,0.800744,0.006021,0.002693,,,,isic_honest_canal_tb16_clip30_a030_results.json,
isic,isic_honest_canal_tb16_clip30_a030_results,,PATE+CANAL (raw),,,,,,0.5,,5,0.801557,0.004876,0.002181,,,,isic_honest_canal_tb16_clip30_a030_results.json,
isic,isic_honest_canal_tb16_clip30_a030_results,,PATE+CANAL (honest),,,,,,0.5,,5,0.797871,0.006873,0.003074,,,,isic_honest_canal_tb16_clip30_a030_results.json,
isic,isic_honest_canal_tb16_clip50_a020_results,,PATE+uniform,,,,,,0.5,,5,0.801188,0.002409,0.001077,,,,isic_honest_canal_tb16_clip50_a020_results.json,
isic,isic_honest_canal_tb16_clip50_a020_results,,PATE+CANAL (raw),,,,,,0.5,,5,0.802408,0.005262,0.002353,,,,isic_honest_canal_tb16_clip50_a020_results.json,
isic,isic_honest_canal_tb16_clip50_a020_results,,PATE+CANAL (honest),,,,,,0.5,,5,0.802477,0.004066,0.001818,,,,isic_honest_canal_tb16_clip50_a020_results.json,
isic,isic_honest_canal_tb8_clip50_a020_results,,PATE+uniform,,,,,,0.5,,5,0.795276,0.004232,0.001893,,,,isic_honest_canal_tb8_clip50_a020_results.json,
isic,isic_honest_canal_tb8_clip50_a020_results,,PATE+CANAL (raw),,,,,,0.5,,5,0.795151,0.001858,0.000831,,,,isic_honest_canal_tb8_clip50_a020_results.json,
isic,isic_honest_canal_tb8_clip50_a020_results,,PATE+CANAL (honest),,,,,,0.5,,5,0.794341,0.004706,0.002105,,,,isic_honest_canal_tb8_clip50_a020_results.json,
isic,isic_honest_subsample_K10_clip50_ext_K10_results,,PATE+uniform_all,,,,,,0.5,,3,0.810394,0.003771,0.002177,,,,isic_honest_subsample_K10_clip50_ext_K10_results.json,
isic,isic_honest_subsample_K10_clip50_ext_K10_results,,PATE+uniform_all,,,,,,1.0,,3,0.823844,0.000708,0.000409,,,,isic_honest_subsample_K10_clip50_ext_K10_results.json,
isic,isic_honest_subsample_K10_clip50_ext_K10_results,,PATE+uniform_all,,,,,,2.0,,3,0.835827,0.001005,0.00058,,,,isic_honest_subsample_K10_clip50_ext_K10_results.json,
isic,isic_honest_subsample_K10_clip50_ext_K10_results,,PATE+subsample_honest_keep5%,,,,,,0.5,0.05,3,0.839443,0.000398,0.00023,,,,isic_honest_subsample_K10_clip50_ext_K10_results.json,
isic,isic_honest_subsample_K10_clip50_ext_K10_results,,PATE+subsample_honest_keep5%,,,,,,1.0,0.05,3,0.840838,0.001876,0.001083,,,,isic_honest_subsample_K10_clip50_ext_K10_results.json,
isic,isic_honest_subsample_K10_clip50_ext_K10_results,,PATE+subsample_honest_keep5%,,,,,,2.0,0.05,3,0.842988,0.001055,0.000609,,,,isic_honest_subsample_K10_clip50_ext_K10_results.json,
isic,isic_honest_subsample_K10_clip50_ext_K10_results,,PATE+subsample_random_keep5%,,,,,,0.5,0.05,3,0.841155,0.00025,0.000144,,,,isic_honest_subsample_K10_clip50_ext_K10_results.json,
isic,isic_honest_subsample_K10_clip50_ext_K10_results,,PATE+subsample_random_keep5%,,,,,,1.0,0.05,3,0.844317,0.002768,0.001598,,,,isic_honest_subsample_K10_clip50_ext_K10_results.json,
isic,isic_honest_subsample_K10_clip50_ext_K10_results,,PATE+subsample_random_keep5%,,,,,,2.0,0.05,3,0.842816,0.001736,0.001002,,,,isic_honest_subsample_K10_clip50_ext_K10_results.json,
isic,isic_honest_subsample_K10_ext_K10_results,,PATE+uniform_all,,,,,,0.5,,3,0.810155,0.004559,0.002632,,,,isic_honest_subsample_K10_ext_K10_results.json,
isic,isic_honest_subsample_K10_ext_K10_results,,PATE+uniform_all,,,,,,1.0,,3,0.824642,0.002563,0.00148,,,,isic_honest_subsample_K10_ext_K10_results.json,
isic,isic_honest_subsample_K10_ext_K10_results,,PATE+uniform_all,,,,,,2.0,,3,0.835892,0.001161,0.00067,,,,isic_honest_subsample_K10_ext_K10_results.json,
isic,isic_honest_subsample_K10_ext_K10_results,,PATE+subsample_honest_keep50%,,,,,,0.5,0.5,3,0.813687,0.001574,0.000909,,,,isic_honest_subsample_K10_ext_K10_results.json,
isic,isic_honest_subsample_K10_ext_K10_results,,PATE+subsample_honest_keep50%,,,,,,1.0,0.5,3,0.824078,0.002926,0.001689,,,,isic_honest_subsample_K10_ext_K10_results.json,
isic,isic_honest_subsample_K10_ext_K10_results,,PATE+subsample_honest_keep50%,,,,,,2.0,0.5,3,0.836688,0.003997,0.002308,,,,isic_honest_subsample_K10_ext_K10_results.json,
isic,isic_honest_subsample_K10_ext_K10_results,,PATE+subsample_random_keep50%,,,,,,0.5,0.5,3,0.808987,0.005488,0.003169,,,,isic_honest_subsample_K10_ext_K10_results.json,
isic,isic_honest_subsample_K10_ext_K10_results,,PATE+subsample_random_keep50%,,,,,,1.0,0.5,3,0.825846,0.001977,0.001141,,,,isic_honest_subsample_K10_ext_K10_results.json,
isic,isic_honest_subsample_K10_ext_K10_results,,PATE+subsample_random_keep50%,,,,,,2.0,0.5,3,0.839165,0.001497,0.000864,,,,isic_honest_subsample_K10_ext_K10_results.json,
isic,isic_honest_subsample_K1_5_10_K1_results,,PATE+uniform_all,,,,,,0.5,,5,0.778698,0.003469,0.001552,,,,isic_honest_subsample_K1_5_10_K1_results.json,
isic,isic_honest_subsample_K1_5_10_K1_results,,PATE+uniform_all,,,,,,1.0,,5,0.785475,0.004208,0.001882,,,,isic_honest_subsample_K1_5_10_K1_results.json,
isic,isic_honest_subsample_K1_5_10_K1_results,,PATE+uniform_all,,,,,,2.0,,5,0.791388,0.002956,0.001322,,,,isic_honest_subsample_K1_5_10_K1_results.json,
isic,isic_honest_subsample_K1_5_10_K1_results,,PATE+subsample_honest_keep50%,,,,,,0.5,0.5,5,0.772892,0.002768,0.001238,,,,isic_honest_subsample_K1_5_10_K1_results.json,
isic,isic_honest_subsample_K1_5_10_K1_results,,PATE+subsample_honest_keep50%,,,,,,1.0,0.5,5,0.780269,0.007059,0.003157,,,,isic_honest_subsample_K1_5_10_K1_results.json,
isic,isic_honest_subsample_K1_5_10_K1_results,,PATE+subsample_honest_keep50%,,,,,,2.0,0.5,5,0.792876,0.002734,0.001223,,,,isic_honest_subsample_K1_5_10_K1_results.json,
isic,isic_honest_subsample_K1_5_10_K1_results,,PATE+subsample_random_keep50%,,,,,,0.5,0.5,5,0.776369,0.005954,0.002663,,,,isic_honest_subsample_K1_5_10_K1_results.json,
isic,isic_honest_subsample_K1_5_10_K1_results,,PATE+subsample_random_keep50%,,,,,,1.0,0.5,5,0.78158,0.004681,0.002094,,,,isic_honest_subsample_K1_5_10_K1_results.json,
isic,isic_honest_subsample_K1_5_10_K1_results,,PATE+subsample_random_keep50%,,,,,,2.0,0.5,5,0.7917,0.001983,0.000887,,,,isic_honest_subsample_K1_5_10_K1_results.json,
isic,isic_honest_subsample_K1_5_10_K1_results,,PATE+subsample_honest_keep25%,,,,,,0.5,0.25,5,0.772733,0.00475,0.002124,,,,isic_honest_subsample_K1_5_10_K1_results.json,
isic,isic_honest_subsample_K1_5_10_K1_results,,PATE+subsample_honest_keep25%,,,,,,1.0,0.25,5,0.781464,0.00444,0.001986,,,,isic_honest_subsample_K1_5_10_K1_results.json,
isic,isic_honest_subsample_K1_5_10_K1_results,,PATE+subsample_honest_keep25%,,,,,,2.0,0.25,5,0.801259,0.0011,0.000492,,,,isic_honest_subsample_K1_5_10_K1_results.json,
isic,isic_honest_subsample_K1_5_10_K1_results,,PATE+subsample_random_keep25%,,,,,,0.5,0.25,5,0.779675,0.004125,0.001845,,,,isic_honest_subsample_K1_5_10_K1_results.json,
isic,isic_honest_subsample_K1_5_10_K1_results,,PATE+subsample_random_keep25%,,,,,,1.0,0.25,5,0.787204,0.001423,0.000636,,,,isic_honest_subsample_K1_5_10_K1_results.json,
isic,isic_honest_subsample_K1_5_10_K1_results,,PATE+subsample_random_keep25%,,,,,,2.0,0.25,5,0.808201,0.000475,0.000212,,,,isic_honest_subsample_K1_5_10_K1_results.json,
isic,isic_honest_subsample_K1_5_10_K1_results,,PATE+subsample_honest_keep10%,,,,,,0.5,0.1,5,0.778745,0.004814,0.002153,,,,isic_honest_subsample_K1_5_10_K1_results.json,
isic,isic_honest_subsample_K1_5_10_K1_results,,PATE+subsample_honest_keep10%,,,,,,1.0,0.1,5,0.79178,0.006204,0.002775,,,,isic_honest_subsample_K1_5_10_K1_results.json,
isic,isic_honest_subsample_K1_5_10_K1_results,,PATE+subsample_honest_keep10%,,,,,,2.0,0.1,5,0.811473,0.001498,0.00067,,,,isic_honest_subsample_K1_5_10_K1_results.json,
isic,isic_honest_subsample_K1_5_10_K1_results,,PATE+subsample_random_keep10%,,,,,,0.5,0.1,5,0.785962,0.003575,0.001599,,,,isic_honest_subsample_K1_5_10_K1_results.json,
isic,isic_honest_subsample_K1_5_10_K1_results,,PATE+subsample_random_keep10%,,,,,,1.0,0.1,5,0.799107,0.003655,0.001635,,,,isic_honest_subsample_K1_5_10_K1_results.json,
isic,isic_honest_subsample_K1_5_10_K1_results,,PATE+subsample_random_keep10%,,,,,,2.0,0.1,5,0.823747,0.002725,0.001219,,,,isic_honest_subsample_K1_5_10_K1_results.json,
isic,isic_honest_subsample_K1_5_10_K1_results,,PATE+subsample_honest_keep5%,,,,,,0.5,0.05,5,0.790738,0.003762,0.001683,,,,isic_honest_subsample_K1_5_10_K1_results.json,
isic,isic_honest_subsample_K1_5_10_K1_results,,PATE+subsample_honest_keep5%,,,,,,1.0,0.05,5,0.80552,0.003088,0.001381,,,,isic_honest_subsample_K1_5_10_K1_results.json,
isic,isic_honest_subsample_K1_5_10_K1_results,,PATE+subsample_honest_keep5%,,,,,,2.0,0.05,5,0.821521,0.001277,0.000571,,,,isic_honest_subsample_K1_5_10_K1_results.json,
isic,isic_honest_subsample_K1_5_10_K1_results,,PATE+subsample_random_keep5%,,,,,,0.5,0.05,5,0.803885,0.002721,0.001217,,,,isic_honest_subsample_K1_5_10_K1_results.json,
isic,isic_honest_subsample_K1_5_10_K1_results,,PATE+subsample_random_keep5%,,,,,,1.0,0.05,5,0.809938,0.004317,0.001931,,,,isic_honest_subsample_K1_5_10_K1_results.json,
isic,isic_honest_subsample_K1_5_10_K1_results,,PATE+subsample_random_keep5%,,,,,,2.0,0.05,5,0.835211,0.003033,0.001356,,,,isic_honest_subsample_K1_5_10_K1_results.json,
isic,isic_honest_subsample_K1_ext_K1_results,,PATE+uniform_all,,,,,,0.5,,3,0.777227,0.005183,0.002992,,,,isic_honest_subsample_K1_ext_K1_results.json,
isic,isic_honest_subsample_K1_ext_K1_results,,PATE+uniform_all,,,,,,1.0,,3,0.785851,0.0071,0.004099,,,,isic_honest_subsample_K1_ext_K1_results.json,
isic,isic_honest_subsample_K1_ext_K1_results,,PATE+uniform_all,,,,,,2.0,,3,0.792248,0.004187,0.002417,,,,isic_honest_subsample_K1_ext_K1_results.json,
isic,isic_honest_subsample_K1_ext_K1_results,,PATE+subsample_honest_keep50%,,,,,,0.5,0.5,3,0.772495,0.005396,0.003116,,,,isic_honest_subsample_K1_ext_K1_results.json,
isic,isic_honest_subsample_K1_ext_K1_results,,PATE+subsample_honest_keep50%,,,,,,1.0,0.5,3,0.781372,0.00582,0.00336,,,,isic_honest_subsample_K1_ext_K1_results.json,
isic,isic_honest_subsample_K1_ext_K1_results,,PATE+subsample_honest_keep50%,,,,,,2.0,0.5,3,0.785808,0.003295,0.001903,,,,isic_honest_subsample_K1_ext_K1_results.json,
isic,isic_honest_subsample_K1_ext_K1_results,,PATE+subsample_random_keep50%,,,,,,0.5,0.5,3,0.769506,0.003734,0.002156,,,,isic_honest_subsample_K1_ext_K1_results.json,
isic,isic_honest_subsample_K1_ext_K1_results,,PATE+subsample_random_keep50%,,,,,,1.0,0.5,3,0.777078,0.00218,0.001259,,,,isic_honest_subsample_K1_ext_K1_results.json,
isic,isic_honest_subsample_K1_ext_K1_results,,PATE+subsample_random_keep50%,,,,,,2.0,0.5,3,0.79377,0.00385,0.002223,,,,isic_honest_subsample_K1_ext_K1_results.json,
isic,isic_honest_subsample_K3_K3_results,,PATE+uniform_all,,,,,,0.5,,5,0.7924,0.001608,0.000719,,,,isic_honest_subsample_K3_K3_results.json,
isic,isic_honest_subsample_K3_K3_results,,PATE+uniform_all,,,,,,1.0,,5,0.799966,0.004862,0.002175,,,,isic_honest_subsample_K3_K3_results.json,
isic,isic_honest_subsample_K3_K3_results,,PATE+uniform_all,,,,,,2.0,,5,0.810119,0.002058,0.00092,,,,isic_honest_subsample_K3_K3_results.json,
isic,isic_honest_subsample_K3_K3_results,,PATE+subsample_honest_keep50%,,,,,,0.5,0.5,5,0.792793,0.006226,0.002785,,,,isic_honest_subsample_K3_K3_results.json,
isic,isic_honest_subsample_K3_K3_results,,PATE+subsample_honest_keep50%,,,,,,1.0,0.5,5,0.796118,0.003639,0.001628,,,,isic_honest_subsample_K3_K3_results.json,
isic,isic_honest_subsample_K3_K3_results,,PATE+subsample_honest_keep50%,,,,,,2.0,0.5,5,0.814151,0.002437,0.00109,,,,isic_honest_subsample_K3_K3_results.json,
isic,isic_honest_subsample_K3_K3_results,,PATE+subsample_random_keep50%,,,,,,0.5,0.5,5,0.789165,0.004384,0.001961,,,,isic_honest_subsample_K3_K3_results.json,
isic,isic_honest_subsample_K3_K3_results,,PATE+subsample_random_keep50%,,,,,,1.0,0.5,5,0.802502,0.004002,0.00179,,,,isic_honest_subsample_K3_K3_results.json,
isic,isic_honest_subsample_K3_K3_results,,PATE+subsample_random_keep50%,,,,,,2.0,0.5,5,0.8162,0.002132,0.000953,,,,isic_honest_subsample_K3_K3_results.json,
isic,isic_honest_subsample_K3_K3_results,,PATE+subsample_honest_keep25%,,,,,,0.5,0.25,5,0.796189,0.004031,0.001803,,,,isic_honest_subsample_K3_K3_results.json,
isic,isic_honest_subsample_K3_K3_results,,PATE+subsample_honest_keep25%,,,,,,1.0,0.25,5,0.811035,0.001585,0.000709,,,,isic_honest_subsample_K3_K3_results.json,
isic,isic_honest_subsample_K3_K3_results,,PATE+subsample_honest_keep25%,,,,,,2.0,0.25,5,0.82394,0.002066,0.000924,,,,isic_honest_subsample_K3_K3_results.json,
isic,isic_honest_subsample_K3_K3_results,,PATE+subsample_random_keep25%,,,,,,0.5,0.25,5,0.795593,0.001976,0.000884,,,,isic_honest_subsample_K3_K3_results.json,
isic,isic_honest_subsample_K3_K3_results,,PATE+subsample_random_keep25%,,,,,,1.0,0.25,5,0.814012,0.002315,0.001035,,,,isic_honest_subsample_K3_K3_results.json,
isic,isic_honest_subsample_K3_K3_results,,PATE+subsample_random_keep25%,,,,,,2.0,0.25,5,0.825865,0.001926,0.000861,,,,isic_honest_subsample_K3_K3_results.json,
isic,isic_honest_subsample_K3_K3_results,,PATE+subsample_honest_keep10%,,,,,,0.5,0.1,5,0.807001,0.003356,0.001501,,,,isic_honest_subsample_K3_K3_results.json,
isic,isic_honest_subsample_K3_K3_results,,PATE+subsample_honest_keep10%,,,,,,1.0,0.1,5,0.821471,0.001627,0.000728,,,,isic_honest_subsample_K3_K3_results.json,
isic,isic_honest_subsample_K3_K3_results,,PATE+subsample_honest_keep10%,,,,,,2.0,0.1,5,0.835653,0.000927,0.000414,,,,isic_honest_subsample_K3_K3_results.json,
isic,isic_honest_subsample_K3_K3_results,,PATE+subsample_random_keep10%,,,,,,0.5,0.1,5,0.812687,0.003535,0.001581,,,,isic_honest_subsample_K3_K3_results.json,
isic,isic_honest_subsample_K3_K3_results,,PATE+subsample_random_keep10%,,,,,,1.0,0.1,5,0.826707,0.001954,0.000874,,,,isic_honest_subsample_K3_K3_results.json,
isic,isic_honest_subsample_K3_K3_results,,PATE+subsample_random_keep10%,,,,,,2.0,0.1,5,0.836851,0.002351,0.001051,,,,isic_honest_subsample_K3_K3_results.json,
isic,isic_honest_subsample_K3_K3_results,,PATE+subsample_honest_keep5%,,,,,,0.5,0.05,5,0.817344,0.003015,0.001348,,,,isic_honest_subsample_K3_K3_results.json,
isic,isic_honest_subsample_K3_K3_results,,PATE+subsample_honest_keep5%,,,,,,1.0,0.05,5,0.831791,0.002417,0.001081,,,,isic_honest_subsample_K3_K3_results.json,
isic,isic_honest_subsample_K3_K3_results,,PATE+subsample_honest_keep5%,,,,,,2.0,0.05,5,0.839796,0.002439,0.001091,,,,isic_honest_subsample_K3_K3_results.json,
isic,isic_honest_subsample_K3_K3_results,,PATE+subsample_random_keep5%,,,,,,0.5,0.05,5,0.823137,0.003183,0.001424,,,,isic_honest_subsample_K3_K3_results.json,
isic,isic_honest_subsample_K3_K3_results,,PATE+subsample_random_keep5%,,,,,,1.0,0.05,5,0.834664,0.002216,0.000991,,,,isic_honest_subsample_K3_K3_results.json,
isic,isic_honest_subsample_K3_K3_results,,PATE+subsample_random_keep5%,,,,,,2.0,0.05,5,0.842551,0.002104,0.000941,,,,isic_honest_subsample_K3_K3_results.json,
isic,isic_honest_subsample_K3_drop10to90_K3_results,,PATE+uniform_all,,,,,,0.5,,3,0.788152,0.004726,0.002729,,,,isic_honest_subsample_K3_drop10to90_K3_results.json,
isic,isic_honest_subsample_K3_drop10to90_K3_results,,PATE+uniform_all,,,,,,1.0,,3,0.796049,0.001954,0.001128,,,,isic_honest_subsample_K3_drop10to90_K3_results.json,
isic,isic_honest_subsample_K3_drop10to90_K3_results,,PATE+uniform_all,,,,,,2.0,,3,0.81292,0.00325,0.001877,,,,isic_honest_subsample_K3_drop10to90_K3_results.json,
isic,isic_honest_subsample_K3_drop10to90_K3_results,,PATE+uniform_all,,,,,,4.0,,3,0.825177,0.000719,0.000415,,,,isic_honest_subsample_K3_drop10to90_K3_results.json,
isic,isic_honest_subsample_K3_drop10to90_K3_results,,PATE+uniform_all,,,,,,6.0,,3,0.835563,0.001555,0.000898,,,,isic_honest_subsample_K3_drop10to90_K3_results.json,
isic,isic_honest_subsample_K3_drop10to90_K3_results,,PATE+subsample_honest_keep90%,,,,,,0.5,0.9,3,0.78621,0.003944,0.002277,,,,isic_honest_subsample_K3_drop10to90_K3_results.json,
isic,isic_honest_subsample_K3_drop10to90_K3_results,,PATE+subsample_honest_keep90%,,,,,,1.0,0.9,3,0.791637,0.003261,0.001883,,,,isic_honest_subsample_K3_drop10to90_K3_results.json,
isic,isic_honest_subsample_K3_drop10to90_K3_results,,PATE+subsample_honest_keep90%,,,,,,2.0,0.9,3,0.803957,0.001488,0.000859,,,,isic_honest_subsample_K3_drop10to90_K3_results.json,
isic,isic_honest_subsample_K3_drop10to90_K3_results,,PATE+subsample_honest_keep90%,,,,,,4.0,0.9,3,0.821704,0.001658,0.000957,,,,isic_honest_subsample_K3_drop10to90_K3_results.json,
isic,isic_honest_subsample_K3_drop10to90_K3_results,,PATE+subsample_honest_keep90%,,,,,,6.0,0.9,3,0.828618,0.001802,0.00104,,,,isic_honest_subsample_K3_drop10to90_K3_results.json,
isic,isic_honest_subsample_K3_drop10to90_K3_results,,PATE+subsample_honest_keep70%,,,,,,0.5,0.7,3,0.783061,0.005441,0.003141,,,,isic_honest_subsample_K3_drop10to90_K3_results.json,
isic,isic_honest_subsample_K3_drop10to90_K3_results,,PATE+subsample_honest_keep70%,,,,,,1.0,0.7,3,0.792625,0.004125,0.002381,,,,isic_honest_subsample_K3_drop10to90_K3_results.json,
isic,isic_honest_subsample_K3_drop10to90_K3_results,,PATE+subsample_honest_keep70%,,,,,,2.0,0.7,3,0.809278,0.001819,0.00105,,,,isic_honest_subsample_K3_drop10to90_K3_results.json,
isic,isic_honest_subsample_K3_drop10to90_K3_results,,PATE+subsample_honest_keep70%,,,,,,4.0,0.7,3,0.821663,0.003574,0.002064,,,,isic_honest_subsample_K3_drop10to90_K3_results.json,
isic,isic_honest_subsample_K3_drop10to90_K3_results,,PATE+subsample_honest_keep70%,,,,,,6.0,0.7,3,0.830918,0.000101,5.8e-05,,,,isic_honest_subsample_K3_drop10to90_K3_results.json,
isic,isic_honest_subsample_K3_drop10to90_K3_results,,PATE+subsample_honest_keep50%,,,,,,0.5,0.5,3,0.787453,0.002454,0.001417,,,,isic_honest_subsample_K3_drop10to90_K3_results.json,
isic,isic_honest_subsample_K3_drop10to90_K3_results,,PATE+subsample_honest_keep50%,,,,,,1.0,0.5,3,0.795511,0.00037,0.000214,,,,isic_honest_subsample_K3_drop10to90_K3_results.json,
isic,isic_honest_subsample_K3_drop10to90_K3_results,,PATE+subsample_honest_keep50%,,,,,,2.0,0.5,3,0.814236,0.000504,0.000291,,,,isic_honest_subsample_K3_drop10to90_K3_results.json,
isic,isic_honest_subsample_K3_drop10to90_K3_results,,PATE+subsample_honest_keep50%,,,,,,4.0,0.5,3,0.827917,0.001141,0.000659,,,,isic_honest_subsample_K3_drop10to90_K3_results.json,
isic,isic_honest_subsample_K3_drop10to90_K3_results,,PATE+subsample_honest_keep50%,,,,,,6.0,0.5,3,0.833268,0.002612,0.001508,,,,isic_honest_subsample_K3_drop10to90_K3_results.json,
isic,isic_honest_subsample_K3_drop10to90_K3_results,,PATE+subsample_honest_keep30%,,,,,,0.5,0.3,3,0.790855,0.005079,0.002932,,,,isic_honest_subsample_K3_drop10to90_K3_results.json,
isic,isic_honest_subsample_K3_drop10to90_K3_results,,PATE+subsample_honest_keep30%,,,,,,1.0,0.3,3,0.806196,0.002512,0.00145,,,,isic_honest_subsample_K3_drop10to90_K3_results.json,
isic,isic_honest_subsample_K3_drop10to90_K3_results,,PATE+subsample_honest_keep30%,,,,,,2.0,0.3,3,0.820713,0.001481,0.000855,,,,isic_honest_subsample_K3_drop10to90_K3_results.json,
isic,isic_honest_subsample_K3_drop10to90_K3_results,,PATE+subsample_honest_keep30%,,,,,,4.0,0.3,3,0.832068,0.001993,0.001151,,,,isic_honest_subsample_K3_drop10to90_K3_results.json,
isic,isic_honest_subsample_K3_drop10to90_K3_results,,PATE+subsample_honest_keep30%,,,,,,6.0,0.3,3,0.839682,0.00127,0.000733,,,,isic_honest_subsample_K3_drop10to90_K3_results.json,
isic,isic_honest_subsample_K3_drop10to90_K3_results,,PATE+subsample_honest_keep10%,,,,,,0.5,0.1,3,0.803307,0.002616,0.001511,,,,isic_honest_subsample_K3_drop10to90_K3_results.json,
isic,isic_honest_subsample_K3_drop10to90_K3_results,,PATE+subsample_honest_keep10%,,,,,,1.0,0.1,3,0.818867,0.001511,0.000872,,,,isic_honest_subsample_K3_drop10to90_K3_results.json,
isic,isic_honest_subsample_K3_drop10to90_K3_results,,PATE+subsample_honest_keep10%,,,,,,2.0,0.1,3,0.83185,0.0034,0.001963,,,,isic_honest_subsample_K3_drop10to90_K3_results.json,
isic,isic_honest_subsample_K3_drop10to90_K3_results,,PATE+subsample_honest_keep10%,,,,,,4.0,0.1,3,0.841836,0.002763,0.001595,,,,isic_honest_subsample_K3_drop10to90_K3_results.json,
isic,isic_honest_subsample_K3_drop10to90_K3_results,,PATE+subsample_honest_keep10%,,,,,,6.0,0.1,3,0.839282,0.006163,0.003558,,,,isic_honest_subsample_K3_drop10to90_K3_results.json,
isic,isic_honest_subsample_K3_ext_K3_results,,PATE+uniform_all,,,,,,0.5,,3,0.789695,0.006617,0.00382,,,,isic_honest_subsample_K3_ext_K3_results.json,
isic,isic_honest_subsample_K3_ext_K3_results,,PATE+uniform_all,,,,,,1.0,,3,0.798234,0.005827,0.003364,,,,isic_honest_subsample_K3_ext_K3_results.json,
isic,isic_honest_subsample_K3_ext_K3_results,,PATE+uniform_all,,,,,,2.0,,3,0.813591,0.001642,0.000948,,,,isic_honest_subsample_K3_ext_K3_results.json,
isic,isic_honest_subsample_K3_ext_K3_results,,PATE+subsample_honest_keep50%,,,,,,0.5,0.5,3,0.791253,0.006642,0.003835,,,,isic_honest_subsample_K3_ext_K3_results.json,
isic,isic_honest_subsample_K3_ext_K3_results,,PATE+subsample_honest_keep50%,,,,,,1.0,0.5,3,0.79744,0.00275,0.001588,,,,isic_honest_subsample_K3_ext_K3_results.json,
isic,isic_honest_subsample_K3_ext_K3_results,,PATE+subsample_honest_keep50%,,,,,,2.0,0.5,3,0.814432,0.001455,0.00084,,,,isic_honest_subsample_K3_ext_K3_results.json,
isic,isic_honest_subsample_K3_ext_K3_results,,PATE+subsample_random_keep50%,,,,,,0.5,0.5,3,0.787449,0.004318,0.002493,,,,isic_honest_subsample_K3_ext_K3_results.json,
isic,isic_honest_subsample_K3_ext_K3_results,,PATE+subsample_random_keep50%,,,,,,1.0,0.5,3,0.801258,0.001495,0.000863,,,,isic_honest_subsample_K3_ext_K3_results.json,
isic,isic_honest_subsample_K3_ext_K3_results,,PATE+subsample_random_keep50%,,,,,,2.0,0.5,3,0.816791,0.00151,0.000872,,,,isic_honest_subsample_K3_ext_K3_results.json,
isic,isic_honest_subsample_K5_ext_K5_results,,PATE+uniform_all,,,,,,0.5,,3,0.79597,0.00612,0.003534,,,,isic_honest_subsample_K5_ext_K5_results.json,
isic,isic_honest_subsample_K5_ext_K5_results,,PATE+uniform_all,,,,,,1.0,,3,0.809883,0.002945,0.0017,,,,isic_honest_subsample_K5_ext_K5_results.json,
isic,isic_honest_subsample_K5_ext_K5_results,,PATE+uniform_all,,,,,,2.0,,3,0.821042,0.00204,0.001178,,,,isic_honest_subsample_K5_ext_K5_results.json,
isic,isic_honest_subsample_K5_ext_K5_results,,PATE+subsample_honest_keep50%,,,,,,0.5,0.5,3,0.798399,0.001949,0.001125,,,,isic_honest_subsample_K5_ext_K5_results.json,
isic,isic_honest_subsample_K5_ext_K5_results,,PATE+subsample_honest_keep50%,,,,,,1.0,0.5,3,0.808484,0.003392,0.001958,,,,isic_honest_subsample_K5_ext_K5_results.json,
isic,isic_honest_subsample_K5_ext_K5_results,,PATE+subsample_honest_keep50%,,,,,,2.0,0.5,3,0.822887,0.00154,0.000889,,,,isic_honest_subsample_K5_ext_K5_results.json,
isic,isic_honest_subsample_K5_ext_K5_results,,PATE+subsample_random_keep50%,,,,,,0.5,0.5,3,0.795298,0.001971,0.001138,,,,isic_honest_subsample_K5_ext_K5_results.json,
isic,isic_honest_subsample_K5_ext_K5_results,,PATE+subsample_random_keep50%,,,,,,1.0,0.5,3,0.81408,0.001552,0.000896,,,,isic_honest_subsample_K5_ext_K5_results.json,
isic,isic_honest_subsample_K5_ext_K5_results,,PATE+subsample_random_keep50%,,,,,,2.0,0.5,3,0.827122,0.003136,0.001811,,,,isic_honest_subsample_K5_ext_K5_results.json,
drive,phase1_channel_noise_summary_v2,,(unparsed),,,,,,,,1,10.8197,,,,,,phase1_channel_noise_summary_v2.json,"min=1.6614,max=29.4849,median=10.1626"
drive,sbt_3method_drive_lam1e-04_results,,PATE (K=1 SBT),,,,,,0.1,,10,0.578847,0.025179,0.007962,,,,sbt_3method_drive_lam1e-04_results.json,
drive,sbt_3method_drive_lam1e-04_results,,PATE+uniform (K=10 SBT),,,,,,0.1,,10,0.582556,0.025581,0.008089,,,,sbt_3method_drive_lam1e-04_results.json,
drive,sbt_3method_drive_lam1e-04_results,,PATE+CANAL (K=10 SBT),,,,,,0.1,,10,0.582455,0.02732,0.008639,,,,sbt_3method_drive_lam1e-04_results.json,
drive,sbt_lambda_sweep_drive_results,,(unparsed),,,,,,,,1,0.627792,,,,,,sbt_lambda_sweep_drive_results.json,"lambda=0.0,R=1.9359298944473267,near_zero_frac=0.0,imp_min=11.425529479980469,imp_max=22.1190242767334,elapsed_sec=24.362941026687622"
drive,sbt_lambda_sweep_drive_results,,(unparsed),,,,,,1.0,,1,0.633014,,,,,,sbt_lambda_sweep_drive_results.json,"lambda=1e-05,R=2.326328754425049,near_zero_frac=0.0,imp_min=10.873625755310059,imp_max=25.295629501342773,elapsed_sec=2.4922282695770264"
drive,sbt_lambda_sweep_drive_results,,(unparsed),,,,,,2.0,,1,0.631978,,,,,,sbt_lambda_sweep_drive_results.json,"lambda=5e-05,R=2.3367466926574707,near_zero_frac=0.0,imp_min=11.038532257080078,imp_max=25.794254302978516,elapsed_sec=2.429180860519409"
drive,sbt_lambda_sweep_drive_results,,(unparsed),,,,,,3.0,,1,0.62765,,,,,,sbt_lambda_sweep_drive_results.json,"lambda=0.0001,R=1.856239914894104,near_zero_frac=0.0,imp_min=13.062009811401367,imp_max=24.24622344970703,elapsed_sec=2.593388795852661"
drive,sbt_lambda_sweep_drive_results,,(unparsed),,,,,,4.0,,1,0.619073,,,,,,sbt_lambda_sweep_drive_results.json,"lambda=0.0005,R=2.5387473106384277,near_zero_frac=0.0,imp_min=9.349180221557617,imp_max=23.735206604003906,elapsed_sec=2.618835687637329"
drive,sbt_lambda_sweep_drive_results,,(unparsed),,,,,,5.0,,1,0.63272,,,,,,sbt_lambda_sweep_drive_results.json,"lambda=0.001,R=2.358275890350342,near_zero_frac=0.0,imp_min=9.215143203735352,imp_max=21.731849670410156,elapsed_sec=2.5939395427703857"
isic,sbt_lambda_sweep_isic_results,,(unparsed),,,,,,,,1,0.84426,,,,,,sbt_lambda_sweep_isic_results.json,"lambda=0.0,R=5.862033843994141,near_zero_frac=0.0,imp_min=4.387323379516602,imp_max=25.718637466430664,elapsed_sec=264.99876594543457"
drive,synthetic_demo_results,,(unparsed),,,,,,,,1,14.059793,,,,,,synthetic_demo_results.json,"min=5.535733222961426,max=44.964298248291016"
drive,tab4_compiled,,(unparsed),,,,,,2.0,,5,0.580868,0.023152,,,,,tab4_compiled.json,
drive,tab4_compiled,,(unparsed),,,,,,8.0,,5,0.593557,0.017202,,,,,tab4_compiled.json,
drive,tab4_compiled,,(unparsed),,,,,,16.0,,5,0.595936,0.013405,,,,,tab4_compiled.json,
drive,tab4_compiled,,(unparsed),,,,,,1.0,,5,0.583923,0.025238,,,,,tab4_compiled.json,
drive,tab4_compiled,,(unparsed),,,,,,1.0,,5,0.593323,0.019938,,,,,tab4_compiled.json,
drive,tab4_compiled,,(unparsed),,,,,,1.0,,5,0.598635,0.019178,,,,,tab4_compiled.json,
drive,tab4_compiled,,(unparsed),,,,,,2.0,,5,0.593128,0.016545,,,,,tab4_compiled.json,
drive,tab4_compiled,,(unparsed),,,,,,2.0,,5,0.618234,0.010538,,,,,tab4_compiled.json,
drive,tab4_compiled,,(unparsed),,,,,,2.0,,5,0.626674,0.007058,,,,,tab4_compiled.json,
drive,tab4_compiled,,(unparsed),,,,,,3.0,,5,0.591661,0.016641,,,,,tab4_compiled.json,
drive,tab4_compiled,,(unparsed),,,,,,3.0,,5,0.61865,0.006756,,,,,tab4_compiled.json,
drive,tab4_compiled,,(unparsed),,,,,,3.0,,5,0.625416,0.007388,,,,,tab4_compiled.json,
drive,tab4_compiled,,(unparsed),,,,,,4.0,,5,0.607063,0.014815,,,,,tab4_compiled.json,
drive,tab4_compiled,,(unparsed),,,,,,4.0,,5,0.627517,0.0081,,,,,tab4_compiled.json,
drive,tab4_compiled,,(unparsed),,,,,,4.0,,5,0.647457,0.008702,,,,,tab4_compiled.json,
